"id","ts","temperature","humidity","pm25","pm10","latitude","longitude","room_id"
"5","2025-03-29 01:06:17","33","67","44","54","13.744800","100.512700","1"
"6","2025-03-29 01:16:22","33","65","46","58","13.744800","100.512700","1"
"7","2025-03-29 01:26:27","32","67","46","56","13.744800","100.512700","1"
"8","2025-03-29 01:36:32","32","70","49","61","13.744800","100.512700","1"
"9","2025-03-29 01:46:37","32","65","36","43","13.744800","100.512700","1"
"10","2025-03-29 01:56:42","32","65","52","65","13.744800","100.512700","1"
"11","2025-03-29 02:06:46","32","70","49","60","13.744800","100.512700","1"
"12","2025-03-29 02:16:53","32","68","43","51","13.744800","100.512700","1"
"13","2025-03-29 02:26:59","32","64","51","63","13.744800","100.512700","1"
"14","2025-03-29 02:37:03","32","67","36","43","13.744800","100.512700","1"
"15","2025-03-29 02:47:08","32","64","34","41","13.744800","100.512700","1"
"16","2025-03-29 02:57:13","32","64","42","51","13.744800","100.512700","1"
"17","2025-03-29 03:07:18","32","66","46","55","13.744800","100.512700","1"
"18","2025-03-29 03:17:23","32","60","34","40","13.744800","100.512700","1"
"19","2025-03-29 03:27:28","32","60","52","62","13.744800","100.512700","1"
"20","2025-03-29 03:37:33","32","64","39","44","13.744800","100.512700","1"
"21","2025-03-29 03:47:37","32","63","41","48","13.744800","100.512700","1"
"22","2025-03-29 03:57:42","32","66","38","47","13.744800","100.512700","1"
"23","2025-03-29 04:07:47","32","63","46","56","13.744800","100.512700","1"
"24","2025-03-29 04:17:52","32","61","43","52","13.744800","100.512700","1"
"25","2025-03-29 04:27:57","32","70","34","39","13.744800","100.512700","1"
"26","2025-03-29 04:38:02","32","65","40","49","13.744800","100.512700","1"
"27","2025-03-29 04:48:07","32","66","36","43","13.744800","100.512700","1"
"28","2025-03-29 04:58:12","32","61","39","48","13.744800","100.512700","1"
"29","2025-03-29 05:08:17","32","64","45","52","13.744800","100.512700","1"
"30","2025-03-29 05:18:21","32","66","34","41","13.744800","100.512700","1"
"31","2025-03-29 05:28:26","32","62","47","56","13.744800","100.512700","1"
"32","2025-03-29 05:38:31","32","67","37","43","13.744800","100.512700","1"
"33","2025-03-29 05:48:36","32","64","38","46","13.744800","100.512700","1"
"34","2025-03-29 05:58:41","32","65","35","44","13.744800","100.512700","1"
"35","2025-03-29 06:08:46","32","64","45","56","13.744800","100.512700","1"
"36","2025-03-29 06:18:50","32","71","38","46","13.744800","100.512700","1"
"37","2025-03-29 06:39:00","32","66","63","79","13.744800","100.512700","1"
"38","2025-03-29 06:49:05","32","62","43","53","13.744800","100.512700","1"
"39","2025-03-29 06:59:10","32","68","61","75","13.744800","100.512700","1"
"40","2025-03-29 07:09:15","32","62","56","66","13.744800","100.512700","1"
"41","2025-03-29 07:19:20","32","66","45","58","13.744800","100.512700","1"
"42","2025-03-29 07:29:25","32","60","47","57","13.744800","100.512700","1"
"43","2025-03-29 07:39:31","32","62","45","53","13.744800","100.512700","1"
"44","2025-03-29 07:49:36","32","66","59","71","13.744800","100.512700","1"
"45","2025-03-29 07:59:40","32","68","55","65","13.744800","100.512700","1"
"46","2025-03-29 08:09:45","32","66","50","62","13.744800","100.512700","1"
"47","2025-03-29 08:19:50","32","65","65","82","13.744800","100.512700","1"
"48","2025-03-29 08:29:55","32","65","53","59","13.744800","100.512700","1"
"49","2025-03-29 08:40:00","32","61","51","62","13.744800","100.512700","1"
"50","2025-03-29 09:00:10","32","63","57","62","13.744800","100.512700","1"
"51","2025-03-29 09:10:15","32","64","65","78","13.744800","100.512700","1"
"52","2025-03-29 09:20:20","32","69","78","92","13.744800","100.512700","1"
"53","2025-03-29 09:30:25","32","67","70","71","13.744800","100.512700","1"
"54","2025-03-29 09:40:29","32","60","63","77","13.744800","100.512700","1"
"55","2025-03-29 09:50:34","32","67","54","62","13.744800","100.512700","1"
"56","2025-03-29 10:00:39","32","64","60","72","13.744800","100.512700","1"
"57","2025-03-29 10:10:43","32","64","50","60","13.744800","100.512700","1"
"58","2025-03-29 10:20:48","32","67","42","50","13.744800","100.512700","1"
"59","2025-03-29 10:30:53","32","69","55","66","13.744800","100.512700","1"
"60","2025-03-29 13:44:29","32","68","63","75","13.744800","100.512700","1"
"61","2025-03-29 13:56:56","32","63","49","56","13.744800","100.512700","1"
"62","2025-03-29 14:07:01","32","65","47","60","13.744800","100.512700","1"
"63","2025-03-29 14:17:06","32","67","50","61","13.744800","100.512700","1"
"64","2025-03-29 14:27:11","32","68","46","57","13.744800","100.512700","1"
"65","2025-03-29 14:37:16","32","64","46","57","13.744800","100.512700","1"
"66","2025-03-29 14:47:21","32","65","48","58","13.744800","100.512700","1"
"67","2025-03-29 14:57:26","32","62","45","55","13.744800","100.512700","1"
"68","2025-03-29 15:07:31","32","62","41","49","13.744800","100.512700","1"
"69","2025-03-29 15:17:36","32","68","42","50","13.744800","100.512700","1"
"70","2025-03-29 15:27:41","32","70","42","51","13.744800","100.512700","1"
"71","2025-03-29 15:37:46","32","65","39","46","13.744800","100.512700","1"
"72","2025-03-29 15:47:51","32","69","40","47","13.744800","100.512700","1"
"73","2025-03-29 15:57:56","32","67","41","49","13.744800","100.512700","1"
"74","2025-03-29 16:08:01","32","64","40","48","13.744800","100.512700","1"
"75","2025-03-29 16:28:10","32","67","40","47","13.744800","100.512700","1"
"76","2025-03-29 16:38:15","32","70","43","53","13.744800","100.512700","1"
"77","2025-03-29 16:48:20","32","65","40","47","13.744800","100.512700","1"
"78","2025-03-29 16:58:25","32","70","40","49","13.744800","100.512700","1"
"79","2025-03-29 17:08:30","32","58","41","48","13.744800","100.512700","1"
"80","2025-03-29 17:18:35","32","68","44","54","13.744800","100.512700","1"
"81","2025-03-29 17:28:40","32","66","47","59","13.744800","100.512700","1"
"82","2025-03-29 17:38:44","32","65","45","56","13.744800","100.512700","1"
"83","2025-03-29 17:48:49","32","66","44","53","13.744800","100.512700","1"
"84","2025-03-29 17:58:54","32","60","45","53","13.744800","100.512700","1"
"85","2025-03-29 18:08:59","32","65","40","47","13.744800","100.512700","1"
"86","2025-03-29 18:19:04","32","67","44","55","13.744800","100.512700","1"
"87","2025-03-29 18:29:08","32","70","46","55","13.744800","100.512700","1"
"88","2025-03-29 18:39:14","32","64","43","52","13.744800","100.512700","1"
"89","2025-03-29 18:49:19","32","63","44","54","13.744800","100.512700","1"
"90","2025-03-29 18:59:23","32","64","46","57","13.744800","100.512700","1"
"91","2025-03-29 19:09:28","32","68","46","57","13.744800","100.512700","1"
"92","2025-03-29 19:19:33","32","67","46","54","13.744800","100.512700","1"
"93","2025-03-29 19:39:43","32","64","46","56","13.744800","100.512700","1"
"94","2025-03-29 19:49:48","32","67","44","54","13.744800","100.512700","1"
"95","2025-03-29 19:59:52","32","66","44","54","13.744800","100.512700","1"
"96","2025-03-29 20:09:57","32","68","44","53","13.744800","100.512700","1"
"97","2025-03-29 20:30:07","32","63","45","53","13.744800","100.512700","1"
"98","2025-03-29 20:40:12","32","65","45","57","13.744800","100.512700","1"
"99","2025-03-29 20:50:17","32","64","44","57","13.744800","100.512700","1"
"100","2025-03-29 21:10:27","32","61","42","52","13.744800","100.512700","1"
"101","2025-03-29 21:20:32","32","66","45","56","13.744800","100.512700","1"
"102","2025-03-29 21:30:36","32","66","42","50","13.744800","100.512700","1"
"103","2025-03-29 21:40:41","32","66","43","52","13.744800","100.512700","1"
"104","2025-03-29 21:50:46","32","65","43","52","13.744800","100.512700","1"
"105","2025-03-29 22:10:55","32","61","44","52","13.744800","100.512700","1"
"106","2025-03-29 22:21:00","32","64","44","55","13.744800","100.512700","1"
"107","2025-03-29 22:31:05","32","65","41","49","13.744800","100.512700","1"
"108","2025-03-29 22:41:10","32","63","43","53","13.744800","100.512700","1"
"109","2025-03-29 22:51:15","32","65","42","53","13.744800","100.512700","1"
"110","2025-03-29 23:11:25","33","67","46","57","13.744800","100.512700","1"
"111","2025-03-29 23:21:30","33","71","46","55","13.744800","100.512700","1"
"112","2025-03-29 23:31:35","32","66","43","53","13.744800","100.512700","1"
"113","2025-03-29 23:41:40","32","66","44","52","13.744800","100.512700","1"
"114","2025-03-29 23:51:45","32","65","43","50","13.744800","100.512700","1"
"115","2025-03-30 00:01:50","32","60","43","50","13.744800","100.512700","1"
"116","2025-03-30 00:11:54","32","65","44","53","13.744800","100.512700","1"
"117","2025-03-30 00:21:59","32","66","43","53","13.744800","100.512700","1"
"118","2025-03-30 00:32:04","32","73","41","48","13.744800","100.512700","1"
"119","2025-03-30 00:42:09","32","65","41","51","13.744800","100.512700","1"
"120","2025-03-30 00:52:14","32","66","45","56","13.744800","100.512700","1"
"121","2025-03-30 01:02:19","32","65","43","52","13.744800","100.512700","1"
"122","2025-03-30 01:12:24","32","62","45","55","13.744800","100.512700","1"
"123","2025-03-30 01:22:29","32","69","45","55","13.744800","100.512700","1"
"124","2025-03-30 01:32:34","32","68","47","58","13.744800","100.512700","1"
"125","2025-03-30 01:42:39","32","68","43","53","13.744800","100.512700","1"
"126","2025-03-30 01:52:43","32","63","43","51","13.744800","100.512700","1"
"127","2025-03-30 02:02:48","32","70","42","49","13.744800","100.512700","1"
"128","2025-03-30 02:12:53","32","61","42","51","13.744800","100.512700","1"
"129","2025-03-30 02:22:57","32","67","43","55","13.744800","100.512700","1"
"130","2025-03-30 02:33:02","32","72","40","49","13.744800","100.512700","1"
"131","2025-03-30 02:43:07","32","63","41","51","13.744800","100.512700","1"
"132","2025-03-30 02:53:12","32","64","43","51","13.744800","100.512700","1"
"133","2025-03-30 03:03:17","32","66","40","47","13.744800","100.512700","1"
"134","2025-03-30 03:13:21","32","64","44","55","13.744800","100.512700","1"
"135","2025-03-30 03:23:26","32","61","41","48","13.744800","100.512700","1"
"136","2025-03-30 03:33:31","32","66","42","50","13.744800","100.512700","1"
"137","2025-03-30 03:43:36","32","62","42","50","13.744800","100.512700","1"
"138","2025-03-30 04:03:45","32","67","42","51","13.744800","100.512700","1"
"139","2025-03-30 04:23:56","32","63","38","45","13.744800","100.512700","1"
"140","2025-03-30 04:44:05","32","70","39","49","13.744800","100.512700","1"
"141","2025-03-30 04:54:10","32","63","39","47","13.744800","100.512700","1"
"142","2025-03-30 05:04:15","32","65","37","48","13.744800","100.512700","1"
"143","2025-03-30 05:14:20","32","68","40","49","13.744800","100.512700","1"
"144","2025-03-30 05:24:25","32","62","42","49","13.744800","100.512700","1"
"145","2025-03-30 05:34:29","32","66","38","43","13.744800","100.512700","1"
"146","2025-03-30 05:44:34","32","69","40","46","13.744800","100.512700","1"
"147","2025-03-30 05:54:39","32","61","41","51","13.744800","100.512700","1"
"148","2025-03-30 06:04:44","32","66","42","49","13.744800","100.512700","1"
"149","2025-03-30 06:14:49","32","66","37","44","13.744800","100.512700","1"
"150","2025-03-30 06:24:54","32","68","39","47","13.744800","100.512700","1"
"151","2025-03-30 06:34:59","32","62","39","46","13.744800","100.512700","1"
"152","2025-03-30 06:45:04","32","62","43","51","13.744800","100.512700","1"
"153","2025-03-30 06:55:09","32","67","42","49","13.744800","100.512700","1"
"154","2025-03-30 07:05:22","32","66","40","49","13.744800","100.512700","1"
"155","2025-03-30 07:15:28","32","66","44","55","13.744800","100.512700","1"
"156","2025-03-30 07:25:33","32","67","41","52","13.744800","100.512700","1"
"157","2025-03-30 07:35:37","32","64","47","57","13.744800","100.512700","1"
"158","2025-03-30 07:45:43","32","66","42","49","13.744800","100.512700","1"
"159","2025-03-30 07:55:47","32","66","46","56","13.744800","100.512700","1"
"160","2025-03-30 08:05:52","32","63","47","56","13.744800","100.512700","1"
"161","2025-03-30 08:15:57","32","71","53","65","13.744800","100.512700","1"
"162","2025-03-30 08:26:03","32","67","51","62","13.744800","100.512700","1"
"163","2025-03-30 08:36:08","32","62","47","57","13.744800","100.512700","1"
"164","2025-03-30 08:46:13","32","68","48","57","13.744800","100.512700","1"
"165","2025-03-30 08:56:18","32","63","46","57","13.744800","100.512700","1"
"166","2025-03-30 09:06:23","32","68","45","56","13.744800","100.512700","1"
"167","2025-03-30 09:16:27","32","69","45","56","13.744800","100.512700","1"
"168","2025-03-30 09:26:32","32","63","43","54","13.744800","100.512700","1"
"169","2025-03-30 09:36:37","32","68","43","52","13.744800","100.512700","1"
"170","2025-03-30 09:46:42","32","67","46","58","13.744800","100.512700","1"
"171","2025-03-30 09:56:47","32","68","43","50","13.744800","100.512700","1"
"172","2025-03-30 10:06:52","32","71","44","52","13.744800","100.512700","1"
"173","2025-03-30 10:16:56","32","65","43","50","13.744800","100.512700","1"
"174","2025-03-30 10:27:01","32","63","45","54","13.744800","100.512700","1"
"175","2025-03-30 10:47:11","32","63","41","49","13.744800","100.512700","1"
"176","2025-03-30 10:57:16","32","63","39","46","13.744800","100.512700","1"
"177","2025-03-30 11:07:21","32","65","43","51","13.744800","100.512700","1"
"178","2025-03-30 11:17:26","32","67","42","55","13.744800","100.512700","1"
"179","2025-03-30 11:27:31","32","66","40","46","13.744800","100.512700","1"
"180","2025-03-30 11:37:35","32","68","39","50","13.744800","100.512700","1"
"181","2025-03-30 11:47:40","32","66","40","48","13.744800","100.512700","1"
"182","2025-03-30 11:57:45","32","70","39","48","13.744800","100.512700","1"
"183","2025-03-30 12:07:50","32","65","41","48","13.744800","100.512700","1"
"184","2025-03-30 12:17:55","32","74","40","48","13.744800","100.512700","1"
"185","2025-03-30 12:27:59","32","67","39","45","13.744800","100.512700","1"
"186","2025-03-30 12:38:04","32","63","38","44","13.744800","100.512700","1"
"187","2025-03-30 12:48:09","32","62","41","49","13.744800","100.512700","1"
"188","2025-03-30 12:58:14","32","67","36","41","13.744800","100.512700","1"
"189","2025-03-30 13:08:19","32","65","37","44","13.744800","100.512700","1"
"190","2025-03-30 13:18:24","32","68","37","44","13.744800","100.512700","1"
"191","2025-03-30 13:28:29","32","67","35","40","13.744800","100.512700","1"
"192","2025-03-30 13:38:34","32","65","37","43","13.744800","100.512700","1"
"193","2025-03-30 13:48:39","32","63","40","47","13.744800","100.512700","1"
"194","2025-03-30 13:58:44","32","61","38","43","13.744800","100.512700","1"
"195","2025-03-30 14:08:49","32","64","38","47","13.744800","100.512700","1"
"196","2025-03-30 14:18:54","32","68","38","46","13.744800","100.512700","1"
"197","2025-03-30 14:28:59","32","66","39","46","13.744800","100.512700","1"
"198","2025-03-30 14:39:03","32","62","39","49","13.744800","100.512700","1"
"199","2025-03-30 14:49:08","32","66","35","42","13.744800","100.512700","1"
"200","2025-03-30 14:59:13","32","67","39","48","13.744800","100.512700","1"
"201","2025-03-30 15:09:17","32","63","34","37","13.744800","100.512700","1"
"202","2025-03-30 15:19:22","32","66","37","42","13.744800","100.512700","1"
"203","2025-03-30 15:29:27","32","66","45","54","13.744800","100.512700","1"
"204","2025-03-30 15:39:32","32","62","46","56","13.744800","100.512700","1"
"205","2025-03-30 15:49:37","32","67","42","52","13.744800","100.512700","1"
"206","2025-03-30 15:59:42","32","67","38","45","13.744800","100.512700","1"
"207","2025-03-30 16:09:47","32","69","45","55","13.744800","100.512700","1"
"208","2025-03-30 16:19:52","32","69","41","51","13.744800","100.512700","1"
"209","2025-03-30 16:29:57","32","61","41","49","13.744800","100.512700","1"
"210","2025-03-30 16:40:01","32","63","40","51","13.744800","100.512700","1"
"211","2025-03-30 16:50:06","32","67","38","44","13.744800","100.512700","1"
"212","2025-03-30 17:00:11","32","67","41","48","13.744800","100.512700","1"
"213","2025-03-30 17:10:16","32","67","41","49","13.744800","100.512700","1"
"214","2025-03-30 17:20:21","32","77","38","47","13.744800","100.512700","1"
"215","2025-03-30 17:30:26","32","67","40","51","13.744800","100.512700","1"
"216","2025-03-30 17:40:31","32","69","41","47","13.744800","100.512700","1"
"217","2025-03-30 17:50:36","32","68","39","46","13.744800","100.512700","1"
"218","2025-03-30 18:00:41","32","68","38","45","13.744800","100.512700","1"
"219","2025-03-30 18:10:45","32","65","36","45","13.744800","100.512700","1"
"220","2025-03-30 18:20:50","32","68","37","43","13.744800","100.512700","1"
"221","2025-03-30 18:30:55","32","63","39","46","13.744800","100.512700","1"
"222","2025-03-30 18:41:00","32","65","35","40","13.744800","100.512700","1"
"223","2025-03-30 18:51:04","32","64","37","44","13.744800","100.512700","1"
"224","2025-03-30 19:01:09","32","66","36","41","13.744800","100.512700","1"
"225","2025-03-30 19:11:14","32","72","35","39","13.744800","100.512700","1"
"226","2025-03-30 19:21:19","32","60","37","45","13.744800","100.512700","1"
"227","2025-03-30 19:31:23","32","68","36","42","13.744800","100.512700","1"
"228","2025-03-30 19:41:28","32","61","34","41","13.744800","100.512700","1"
"229","2025-03-30 19:51:33","32","64","33","40","13.744800","100.512700","1"
"230","2025-03-30 20:01:38","32","69","34","39","13.744800","100.512700","1"
"231","2025-03-30 20:11:43","32","66","33","39","13.744800","100.512700","1"
"232","2025-03-30 20:21:48","32","62","33","36","13.744800","100.512700","1"
"233","2025-03-30 20:31:53","32","63","34","41","13.744800","100.512700","1"
"234","2025-03-30 20:41:58","32","68","32","34","13.744800","100.512700","1"
"235","2025-03-30 20:52:03","32","63","33","39","13.744800","100.512700","1"
"236","2025-03-30 21:02:08","32","66","35","42","13.744800","100.512700","1"
"237","2025-03-30 21:12:12","32","66","35","41","13.744800","100.512700","1"
"238","2025-03-30 21:22:17","32","64","32","36","13.744800","100.512700","1"
"239","2025-03-30 21:32:22","32","72","34","41","13.744800","100.512700","1"
"240","2025-03-30 21:42:27","32","67","36","45","13.744800","100.512700","1"
"241","2025-03-30 21:52:31","32","59","34","40","13.744800","100.512700","1"
"242","2025-03-30 22:02:36","32","66","32","33","13.744800","100.512700","1"
"243","2025-03-30 22:12:41","32","64","32","39","13.744800","100.512700","1"
"244","2025-03-30 22:22:46","32","68","29","32","13.744800","100.512700","1"
"245","2025-03-30 22:32:51","32","63","32","35","13.744800","100.512700","1"
"246","2025-03-30 22:42:56","32","65","28","30","13.744800","100.512700","1"
"247","2025-03-30 23:03:05","32","67","25","31","13.744800","100.512700","1"
"248","2025-03-30 23:13:10","32","68","29","31","13.744800","100.512700","1"
"249","2025-03-30 23:23:15","32","62","24","26","13.744800","100.512700","1"
"250","2025-03-30 23:33:20","32","65","24","25","13.744800","100.512700","1"
"251","2025-03-30 23:43:25","32","64","28","28","13.744800","100.512700","1"
"252","2025-03-30 23:53:30","32","64","32","34","13.744800","100.512700","1"
"253","2025-03-31 00:03:34","32","71","27","30","13.744800","100.512700","1"
"254","2025-03-31 00:33:53","32","67","31","34","13.744800","100.512700","1"
"255","2025-03-31 00:43:59","32","62","33","37","13.744800","100.512700","1"
"256","2025-03-31 00:54:03","32","68","34","40","13.744800","100.512700","1"
"257","2025-03-31 01:04:08","32","72","33","37","13.744800","100.512700","1"
"258","2025-03-31 01:24:18","32","69","33","37","13.744800","100.512700","1"
"259","2025-03-31 01:34:23","32","61","33","38","13.744800","100.512700","1"
"260","2025-03-31 01:44:28","32","64","31","35","13.744800","100.512700","1"
"261","2025-03-31 01:54:33","32","69","33","37","13.744800","100.512700","1"
"262","2025-03-31 02:04:38","32","63","29","33","13.744800","100.512700","1"
"263","2025-03-31 02:14:43","32","67","34","37","13.744800","100.512700","1"
"264","2025-03-31 02:24:48","32","68","32","35","13.744800","100.512700","1"
"265","2025-03-31 02:34:53","32","63","34","37","13.744800","100.512700","1"
"266","2025-03-31 03:05:08","32","65","34","38","13.744800","100.512700","1"
"267","2025-03-31 03:15:13","32","56","33","37","13.744800","100.512700","1"
"268","2025-03-31 04:05:37","32","62","35","39","13.744800","100.512700","1"
"269","2025-03-31 04:15:42","32","65","35","42","13.744800","100.512700","1"
"270","2025-03-31 04:35:53","31","62","33","37","13.744800","100.512700","1"
"271","2025-03-31 04:45:58","31","70","31","35","13.744800","100.512700","1"
"272","2025-03-31 05:06:08","31","61","31","33","13.744800","100.512700","1"
"273","2025-03-31 05:16:13","31","64","40","49","13.744800","100.512700","1"
"274","2025-03-31 05:26:18","31","66","41","48","13.744800","100.512700","1"
"275","2025-03-31 05:36:23","31","70","38","45","13.744800","100.512700","1"
"276","2025-03-31 05:46:28","31","61","36","43","13.744800","100.512700","1"
"277","2025-03-31 05:56:33","31","69","38","45","13.744800","100.512700","1"
"278","2025-03-31 06:06:38","31","66","34","39","13.744800","100.512700","1"
"279","2025-03-31 06:16:43","31","63","37","44","13.744800","100.512700","1"
"280","2025-03-31 06:26:47","31","67","37","45","13.744800","100.512700","1"
"281","2025-03-31 06:36:52","31","66","34","40","13.744800","100.512700","1"
"282","2025-03-31 06:46:57","31","64","38","46","13.744800","100.512700","1"
"283","2025-03-31 06:57:03","31","66","39","49","13.744800","100.512700","1"
"284","2025-03-31 07:07:08","31","64","34","40","13.744800","100.512700","1"
"285","2025-03-31 07:27:18","31","66","28","30","13.744800","100.512700","1"
"286","2025-03-31 07:37:23","31","68","27","27","13.744800","100.512700","1"
"287","2025-03-31 07:47:27","31","70","23","27","13.744800","100.512700","1"
"288","2025-03-31 07:57:32","31","62","27","29","13.744800","100.512700","1"
"289","2025-03-31 08:07:37","31","72","24","24","13.744800","100.512700","1"
"290","2025-03-31 08:17:42","31","60","28","28","13.744800","100.512700","1"
"291","2025-03-31 08:27:46","31","65","31","35","13.744800","100.512700","1"
"292","2025-03-31 08:37:51","31","67","28","28","13.744800","100.512700","1"
"293","2025-03-31 08:47:56","31","66","28","32","13.744800","100.512700","1"
"294","2025-03-31 08:58:01","31","64","27","27","13.744800","100.512700","1"
"295","2025-03-31 09:08:06","31","65","38","45","13.744800","100.512700","1"
"296","2025-03-31 09:18:10","31","64","43","51","13.744800","100.512700","1"
"297","2025-03-31 09:28:16","31","64","41","49","13.744800","100.512700","1"
"298","2025-03-31 09:38:21","31","68","45","55","13.744800","100.512700","1"
"299","2025-03-31 09:48:25","31","67","45","56","13.744800","100.512700","1"
"300","2025-03-31 09:58:30","31","63","44","53","13.744800","100.512700","1"
"301","2025-03-31 10:08:36","31","68","48","63","13.744800","100.512700","1"
"302","2025-03-31 10:18:41","31","66","46","58","13.744800","100.512700","1"
"303","2025-03-31 10:28:46","31","68","46","57","13.744800","100.512700","1"
"304","2025-03-31 10:38:51","31","67","48","59","13.744800","100.512700","1"
"305","2025-03-31 10:48:56","31","63","46","59","13.744800","100.512700","1"
"306","2025-03-31 10:59:01","31","64","46","56","13.744800","100.512700","1"
"307","2025-03-31 11:09:06","31","68","48","58","13.744800","100.512700","1"
"308","2025-03-31 11:29:15","31","67","45","54","13.744800","100.512700","1"
"309","2025-03-31 11:39:20","31","65","45","57","13.744800","100.512700","1"
"310","2025-03-31 11:49:26","31","66","42","52","13.744800","100.512700","1"
"311","2025-03-31 11:59:30","31","69","45","56","13.744800","100.512700","1"
"312","2025-03-31 12:09:35","31","64","46","57","13.744800","100.512700","1"
"313","2025-03-31 12:19:40","31","67","43","51","13.744800","100.512700","1"
"314","2025-03-31 12:39:50","31","65","46","56","13.744800","100.512700","1"
"315","2025-03-31 13:00:01","31","65","42","51","13.744800","100.512700","1"
"316","2025-03-31 13:10:05","31","69","41","49","13.744800","100.512700","1"
"317","2025-03-31 13:20:10","31","68","44","55","13.744800","100.512700","1"
"318","2025-03-31 13:30:15","31","68","42","49","13.744800","100.512700","1"
"319","2025-03-31 13:50:25","31","69","44","53","13.744800","100.512700","1"
"320","2025-03-31 14:00:30","31","66","43","53","13.744800","100.512700","1"
"321","2025-03-31 14:10:34","31","68","40","47","13.744800","100.512700","1"
"322","2025-03-31 14:20:39","31","65","42","50","13.744800","100.512700","1"
"323","2025-03-31 14:30:44","31","67","45","56","13.744800","100.512700","1"
"324","2025-03-31 14:40:49","31","65","39","46","13.744800","100.512700","1"
"325","2025-03-31 14:50:53","31","66","39","47","13.744800","100.512700","1"
"326","2025-03-31 15:00:58","31","67","43","51","13.744800","100.512700","1"
"327","2025-03-31 15:11:03","31","63","41","50","13.744800","100.512700","1"
"328","2025-03-31 15:21:08","31","72","41","49","13.744800","100.512700","1"
"329","2025-03-31 15:31:13","31","63","39","46","13.744800","100.512700","1"
"330","2025-03-31 15:41:17","31","62","40","49","13.744800","100.512700","1"
"331","2025-03-31 15:51:22","31","69","44","52","13.744800","100.512700","1"
"332","2025-03-31 16:01:27","31","68","41","49","13.744800","100.512700","1"
"333","2025-03-31 16:11:32","31","67","37","42","13.744800","100.512700","1"
"334","2025-03-31 16:21:37","31","67","37","46","13.744800","100.512700","1"
"335","2025-03-31 16:31:42","31","66","34","37","13.744800","100.512700","1"
"336","2025-03-31 16:41:48","31","63","33","38","13.744800","100.512700","1"
"337","2025-03-31 16:51:53","31","66","36","44","13.744800","100.512700","1"
"338","2025-03-31 17:01:57","31","64","34","39","13.744800","100.512700","1"
"339","2025-03-31 17:12:02","31","68","35","42","13.744800","100.512700","1"
"341","2025-03-31 17:20:45","31","63","27","31","13.744800","100.512700","1"
"342","2025-03-31 17:21:08","31","65","30","33","13.744800","100.512700","1"
"343","2025-03-31 17:21:28","31","67","31","38","13.744800","100.512700","1"
"344","2025-03-31 17:22:30","32","64","36","42","13.744800","100.512700","1"
"358","2025-03-31 18:54:57","31","67","25","26","13.744800","100.512700","1"
"359","2025-03-31 18:55:28","32","68","18","18","13.744800","100.512700","1"
"360","2025-03-31 19:05:33","32","69","36","40","13.744800","100.512700","1"
"361","2025-03-31 19:15:38","31","68","29","32","13.744800","100.512700","1"
"362","2025-03-31 19:25:43","31","68","20","23","13.744800","100.512700","1"
"363","2025-03-31 19:35:48","31","68","19","21","13.744800","100.512700","1"
"364","2025-03-31 19:45:52","31","68","18","19","13.744800","100.512700","1"
"365","2025-03-31 19:55:57","31","68","20","22","13.744800","100.512700","1"
"366","2025-03-31 20:06:02","31","68","18","19","13.744800","100.512700","1"
"367","2025-03-31 20:16:08","31","68","17","18","13.744800","100.512700","1"
"368","2025-03-31 20:26:13","31","68","18","20","13.744800","100.512700","1"
"369","2025-03-31 20:36:17","31","68","14","15","13.744800","100.512700","1"
"370","2025-03-31 20:46:22","31","67","16","18","13.744800","100.512700","1"
"371","2025-03-31 20:56:27","31","67","15","17","13.744800","100.512700","1"
"372","2025-03-31 21:06:32","31","67","19","21","13.744800","100.512700","1"
"373","2025-03-31 21:16:37","31","67","16","17","13.744800","100.512700","1"
"374","2025-03-31 21:26:42","31","67","15","15","13.744800","100.512700","1"
"375","2025-03-31 21:36:46","31","67","10","12","13.744800","100.512700","1"
"376","2025-03-31 21:46:51","31","67","13","14","13.744800","100.512700","1"
"377","2025-03-31 21:56:56","31","67","12","12","13.744800","100.512700","1"
"378","2025-03-31 22:07:01","31","67","10","10","13.744800","100.512700","1"
"379","2025-03-31 22:17:06","31","66","11","13","13.744800","100.512700","1"
"380","2025-03-31 22:27:11","31","66","9","11","13.744800","100.512700","1"
"381","2025-03-31 22:37:16","31","67","11","11","13.744800","100.512700","1"
"382","2025-03-31 22:47:21","31","66","5","8","13.744800","100.512700","1"
"383","2025-03-31 22:57:26","31","66","8","8","13.744800","100.512700","1"
"384","2025-03-31 23:07:30","31","66","10","13","13.744800","100.512700","1"
"385","2025-03-31 23:17:36","31","66","7","7","13.744800","100.512700","1"
"386","2025-03-31 23:27:40","31","66","8","8","13.744800","100.512700","1"
"387","2025-03-31 23:37:45","31","66","7","8","13.744800","100.512700","1"
"388","2025-03-31 23:47:50","31","66","10","10","13.744800","100.512700","1"
"389","2025-03-31 23:57:54","31","66","5","6","13.744800","100.512700","1"
"390","2025-04-01 00:07:59","31","66","10","12","13.744800","100.512700","1"
"391","2025-04-01 00:18:04","31","66","6","6","13.744800","100.512700","1"
"392","2025-04-01 00:38:14","31","66","6","6","13.744800","100.512700","1"
"393","2025-04-01 00:48:19","31","66","8","11","13.744800","100.512700","1"
"394","2025-04-01 00:58:24","31","66","8","8","13.744800","100.512700","1"
"395","2025-04-01 01:08:29","31","67","11","11","13.744800","100.512700","1"
"396","2025-04-01 01:18:34","31","67","7","7","13.744800","100.512700","1"
"397","2025-04-01 01:28:38","31","67","11","12","13.744800","100.512700","1"
"398","2025-04-01 01:38:43","31","67","12","14","13.744800","100.512700","1"
"399","2025-04-01 01:48:48","31","67","12","14","13.744800","100.512700","1"
"400","2025-04-01 01:58:53","31","67","14","14","13.744800","100.512700","1"
"401","2025-04-01 02:08:57","31","67","14","14","13.744800","100.512700","1"
"402","2025-04-01 02:19:02","31","67","12","12","13.744800","100.512700","1"
"403","2025-04-01 02:29:07","31","67","11","12","13.744800","100.512700","1"
"404","2025-04-01 02:39:11","31","67","12","13","13.744800","100.512700","1"
"405","2025-04-01 02:49:16","31","67","7","7","13.744800","100.512700","1"
"406","2025-04-01 02:59:21","31","67","8","8","13.744800","100.512700","1"
"407","2025-04-01 03:09:26","31","67","8","8","13.744800","100.512700","1"
"408","2025-04-01 03:19:31","31","67","5","8","13.744800","100.512700","1"
"409","2025-04-01 03:29:35","31","67","6","7","13.744800","100.512700","1"
"410","2025-04-01 03:39:40","31","67","10","13","13.744800","100.512700","1"
"411","2025-04-01 03:49:45","31","67","10","10","13.744800","100.512700","1"
"412","2025-04-01 03:59:50","31","67","11","11","13.744800","100.512700","1"
"413","2025-04-01 04:09:55","31","67","8","9","13.744800","100.512700","1"
"414","2025-04-01 04:19:59","31","67","8","8","13.744800","100.512700","1"
"415","2025-04-01 04:30:04","31","67","10","10","13.744800","100.512700","1"
"416","2025-04-01 04:40:09","31","67","9","10","13.744800","100.512700","1"
"417","2025-04-01 04:50:13","31","67","7","8","13.744800","100.512700","1"
"418","2025-04-01 05:00:18","31","67","10","10","13.744800","100.512700","1"
"419","2025-04-01 05:10:23","31","67","9","9","13.744800","100.512700","1"
"420","2025-04-01 05:20:28","31","67","12","12","13.744800","100.512700","1"
"421","2025-04-01 05:30:38","31","67","15","16","13.744800","100.512700","1"
"422","2025-04-01 05:40:43","31","67","21","21","13.744800","100.512700","1"
"423","2025-04-01 05:50:48","31","67","19","19","13.744800","100.512700","1"
"424","2025-04-01 06:00:52","31","67","22","22","13.744800","100.512700","1"
"425","2025-04-01 06:10:57","31","67","26","27","13.744800","100.512700","1"
"426","2025-04-01 06:21:02","31","67","21","24","13.744800","100.512700","1"
"427","2025-04-01 06:31:08","31","67","22","23","13.744800","100.512700","1"
"428","2025-04-01 06:41:12","31","67","21","23","13.744800","100.512700","1"
"429","2025-04-01 06:51:17","31","67","22","22","13.744800","100.512700","1"
"430","2025-04-01 07:01:22","31","67","23","26","13.744800","100.512700","1"
"431","2025-04-01 07:11:27","31","67","22","24","13.744800","100.512700","1"
"432","2025-04-01 07:21:32","31","67","24","25","13.744800","100.512700","1"
"433","2025-04-01 07:31:36","31","67","25","27","13.744800","100.512700","1"
"434","2025-04-01 07:41:41","31","67","25","28","13.744800","100.512700","1"
"435","2025-04-01 07:51:46","31","67","28","29","13.744800","100.512700","1"
"436","2025-04-01 08:01:51","31","67","25","26","13.744800","100.512700","1"
"437","2025-04-01 08:11:55","31","67","27","28","13.744800","100.512700","1"
"438","2025-04-01 08:22:00","31","68","28","30","13.744800","100.512700","1"
"439","2025-04-01 08:32:05","31","68","32","37","13.744800","100.512700","1"
"440","2025-04-01 08:42:10","31","68","31","38","13.744800","100.512700","1"
"441","2025-04-01 08:52:15","31","68","32","37","13.744800","100.512700","1"
"442","2025-04-01 09:02:20","31","68","33","35","13.744800","100.512700","1"
"443","2025-04-01 09:12:25","31","68","43","52","13.744800","100.512700","1"
"444","2025-04-01 09:22:30","31","67","35","41","13.744800","100.512700","1"
"445","2025-04-01 09:32:35","31","67","36","43","13.744800","100.512700","1"
"446","2025-04-01 09:42:40","31","67","37","44","13.744800","100.512700","1"
"447","2025-04-01 09:52:45","31","67","38","47","13.744800","100.512700","1"
"448","2025-04-01 10:02:50","31","67","40","50","13.744800","100.512700","1"
"449","2025-04-01 10:12:55","31","66","36","43","13.744800","100.512700","1"
"450","2025-04-01 10:23:00","31","66","43","50","13.744800","100.512700","1"
"451","2025-04-01 10:33:04","31","66","45","54","13.744800","100.512700","1"
"452","2025-04-01 10:43:10","31","66","44","53","13.744800","100.512700","1"
"453","2025-04-01 10:53:14","31","66","42","52","13.744800","100.512700","1"
"454","2025-04-01 11:03:19","31","66","42","51","13.744800","100.512700","1"
"455","2025-04-01 11:13:24","31","66","40","49","13.744800","100.512700","1"
"456","2025-04-01 11:23:29","31","66","43","51","13.744800","100.512700","1"
"457","2025-04-01 11:33:33","31","66","44","51","13.744800","100.512700","1"
"458","2025-04-01 11:43:38","31","66","42","50","13.744800","100.512700","1"
"459","2025-04-01 11:53:43","31","65","45","55","13.744800","100.512700","1"
"460","2025-04-01 12:03:48","31","65","45","55","13.744800","100.512700","1"
"461","2025-04-01 12:13:53","31","65","47","57","13.744800","100.512700","1"
"462","2025-04-01 12:23:58","31","65","47","58","13.744800","100.512700","1"
"463","2025-04-01 12:34:03","31","65","46","58","13.744800","100.512700","1"
"464","2025-04-01 12:44:07","31","64","46","55","13.744800","100.512700","1"
"465","2025-04-01 12:54:12","31","64","47","57","13.744800","100.512700","1"
"466","2025-04-01 13:04:17","31","64","47","59","13.744800","100.512700","1"
"467","2025-04-01 13:14:21","31","63","54","64","13.744800","100.512700","1"
"468","2025-04-01 13:24:27","31","64","81","84","13.744800","100.512700","1"
"469","2025-04-01 13:34:31","31","63","72","80","13.744800","100.512700","1"
"470","2025-04-01 13:44:36","31","63","51","64","13.744800","100.512700","1"
"471","2025-04-01 13:54:41","31","64","50","60","13.744800","100.512700","1"
"472","2025-04-01 14:14:51","31","63","44","53","13.744800","100.512700","1"
"473","2025-04-01 14:35:01","31","64","41","48","13.744800","100.512700","1"
"474","2025-04-01 14:45:06","31","64","44","53","13.744800","100.512700","1"
"475","2025-04-01 14:55:12","31","63","43","52","13.744800","100.512700","1"
"476","2025-04-01 15:05:16","31","63","46","55","13.744800","100.512700","1"
"477","2025-04-01 15:15:21","31","62","44","55","13.744800","100.512700","1"
"478","2025-04-01 15:25:26","31","63","46","57","13.744800","100.512700","1"
"479","2025-04-01 15:35:31","31","64","50","62","13.744800","100.512700","1"
"480","2025-04-01 15:45:36","31","64","50","61","13.744800","100.512700","1"
"481","2025-04-01 15:55:41","31","65","53","67","13.744800","100.512700","1"
"482","2025-04-01 16:05:46","31","65","50","61","13.744800","100.512700","1"
"483","2025-04-01 16:15:50","31","65","51","62","13.744800","100.512700","1"
"484","2025-04-01 16:25:55","31","65","53","68","13.744800","100.512700","1"
"485","2025-04-01 16:36:00","31","64","53","65","13.744800","100.512700","1"
"486","2025-04-01 16:46:05","31","64","54","66","13.744800","100.512700","1"
"487","2025-04-01 16:56:09","31","64","53","64","13.744800","100.512700","1"
"488","2025-04-01 17:06:14","31","64","52","64","13.744800","100.512700","1"
"489","2025-04-01 17:16:19","31","64","49","61","13.744800","100.512700","1"
"490","2025-04-01 17:26:24","31","64","48","60","13.744800","100.512700","1"
"491","2025-04-01 17:36:29","31","65","51","61","13.744800","100.512700","1"
"492","2025-04-01 17:46:34","31","65","54","67","13.744800","100.512700","1"
"493","2025-04-01 17:56:39","31","64","57","68","13.744800","100.512700","1"
"494","2025-04-01 18:06:44","31","64","56","67","13.744800","100.512700","1"
"495","2025-04-01 18:16:49","31","64","54","68","13.744800","100.512700","1"
"496","2025-04-01 18:26:54","31","64","54","66","13.744800","100.512700","1"
"497","2025-04-01 18:36:58","31","64","54","68","13.744800","100.512700","1"
"498","2025-04-01 18:47:03","31","65","53","66","13.744800","100.512700","1"
"499","2025-04-01 18:57:08","31","65","52","63","13.744800","100.512700","1"
"500","2025-04-01 19:07:13","31","65","53","64","13.744800","100.512700","1"
"501","2025-04-01 19:17:18","31","65","53","66","13.744800","100.512700","1"
"502","2025-04-01 19:27:22","31","65","51","63","13.744800","100.512700","1"
"503","2025-04-01 19:37:28","31","65","51","63","13.744800","100.512700","1"
"504","2025-04-01 19:47:33","31","66","54","65","13.744800","100.512700","1"
"505","2025-04-01 19:57:37","31","65","55","66","13.744800","100.512700","1"
"506","2025-04-01 20:07:42","31","65","45","58","13.744800","100.512700","1"
"507","2025-04-01 20:17:47","31","65","48","63","13.744800","100.512700","1"
"508","2025-04-01 20:27:52","31","65","49","60","13.744800","100.512700","1"
"509","2025-04-01 20:37:57","31","65","44","53","13.744800","100.512700","1"
"510","2025-04-01 20:48:02","31","65","50","60","13.744800","100.512700","1"
"511","2025-04-01 20:58:08","31","65","45","54","13.744800","100.512700","1"
"512","2025-04-01 21:08:12","31","66","48","57","13.744800","100.512700","1"
"513","2025-04-01 21:18:17","31","66","45","54","13.744800","100.512700","1"
"514","2025-04-01 21:28:22","31","66","44","56","13.744800","100.512700","1"
"515","2025-04-01 21:38:27","31","66","45","54","13.744800","100.512700","1"
"516","2025-04-01 21:48:32","31","67","43","54","13.744800","100.512700","1"
"517","2025-04-01 21:58:36","31","67","45","54","13.744800","100.512700","1"
"518","2025-04-01 22:08:41","31","67","45","53","13.744800","100.512700","1"
"519","2025-04-01 22:18:46","31","67","40","47","13.744800","100.512700","1"
"520","2025-04-01 22:28:51","31","67","40","47","13.744800","100.512700","1"
"521","2025-04-01 22:38:56","31","67","38","43","13.744800","100.512700","1"
"522","2025-04-01 22:49:01","32","66","37","43","13.744800","100.512700","1"
"523","2025-04-01 22:59:06","32","66","42","51","13.744800","100.512700","1"
"524","2025-04-01 23:09:11","32","66","43","51","13.744800","100.512700","1"
"525","2025-04-01 23:19:16","31","67","42","51","13.744800","100.512700","1"
"526","2025-04-01 23:29:20","31","67","44","54","13.744800","100.512700","1"
"527","2025-04-01 23:39:25","31","67","39","47","13.744800","100.512700","1"
"528","2025-04-01 23:49:30","31","67","39","46","13.744800","100.512700","1"
"529","2025-04-01 23:59:34","31","67","36","45","13.744800","100.512700","1"
"530","2025-04-02 00:09:39","31","67","40","48","13.744800","100.512700","1"
"531","2025-04-02 00:19:44","31","68","42","50","13.744800","100.512700","1"
"532","2025-04-02 00:29:49","31","68","40","49","13.744800","100.512700","1"
"533","2025-04-02 00:39:54","31","68","40","47","13.744800","100.512700","1"
"534","2025-04-02 00:49:59","31","68","41","49","13.744800","100.512700","1"
"535","2025-04-02 01:00:03","31","68","36","43","13.744800","100.512700","1"
"536","2025-04-02 01:10:08","31","68","39","44","13.744800","100.512700","1"
"537","2025-04-02 01:20:13","31","68","40","47","13.744800","100.512700","1"
"538","2025-04-02 01:30:18","31","68","36","41","13.744800","100.512700","1"
"539","2025-04-02 01:40:23","31","68","41","47","13.744800","100.512700","1"
"540","2025-04-02 01:50:28","31","67","38","46","13.744800","100.512700","1"
"541","2025-04-02 02:00:33","31","68","37","47","13.744800","100.512700","1"
"542","2025-04-02 02:10:37","31","68","40","47","13.744800","100.512700","1"
"543","2025-04-02 02:20:42","31","68","39","46","13.744800","100.512700","1"
"544","2025-04-02 02:30:47","31","68","38","44","13.744800","100.512700","1"
"545","2025-04-02 02:40:52","31","67","39","47","13.744800","100.512700","1"
"546","2025-04-02 02:50:56","31","67","41","49","13.744800","100.512700","1"
"547","2025-04-02 03:01:01","31","67","42","51","13.744800","100.512700","1"
"548","2025-04-02 03:11:06","31","67","41","49","13.744800","100.512700","1"
"549","2025-04-02 03:21:11","31","67","41","50","13.744800","100.512700","1"
"550","2025-04-02 03:31:16","31","67","42","49","13.744800","100.512700","1"
"551","2025-04-02 03:41:21","31","68","37","44","13.744800","100.512700","1"
"552","2025-04-02 03:51:26","31","68","39","47","13.744800","100.512700","1"
"553","2025-04-02 04:01:31","31","68","38","46","13.744800","100.512700","1"
"554","2025-04-02 04:11:46","31","67","38","44","13.744800","100.512700","1"
"555","2025-04-02 04:21:50","31","68","40","50","13.744800","100.512700","1"
"556","2025-04-02 04:31:55","31","68","37","46","13.744800","100.512700","1"
"557","2025-04-02 04:42:00","31","68","38","44","13.744800","100.512700","1"
"558","2025-04-02 05:02:10","31","68","41","48","13.744800","100.512700","1"
"559","2025-04-02 05:22:19","31","68","36","43","13.744800","100.512700","1"
"560","2025-04-02 05:32:24","31","68","39","45","13.744800","100.512700","1"
"561","2025-04-02 05:42:29","31","68","34","39","13.744800","100.512700","1"
"562","2025-04-02 05:52:34","31","68","38","46","13.744800","100.512700","1"
"563","2025-04-02 06:02:39","31","68","35","42","13.744800","100.512700","1"
"564","2025-04-02 06:22:49","31","68","39","45","13.744800","100.512700","1"
"565","2025-04-02 06:32:53","31","68","40","49","13.744800","100.512700","1"
"566","2025-04-02 06:42:58","31","68","40","46","13.744800","100.512700","1"
"567","2025-04-02 06:53:03","31","68","42","51","13.744800","100.512700","1"
"568","2025-04-02 07:03:08","31","68","40","50","13.744800","100.512700","1"
"569","2025-04-02 07:13:13","31","69","47","57","13.744800","100.512700","1"
"570","2025-04-02 07:23:18","31","69","45","55","13.744800","100.512700","1"
"571","2025-04-02 07:33:23","31","69","45","55","13.744800","100.512700","1"
"572","2025-04-02 07:43:28","31","69","42","52","13.744800","100.512700","1"
"573","2025-04-02 07:53:33","31","69","50","63","13.744800","100.512700","1"
"574","2025-04-02 08:03:38","31","69","44","53","13.744800","100.512700","1"
"575","2025-04-02 08:13:43","31","68","43","52","13.744800","100.512700","1"
"576","2025-04-02 08:23:48","31","68","47","58","13.744800","100.512700","1"
"577","2025-04-02 08:33:52","31","67","49","62","13.744800","100.512700","1"
"578","2025-04-02 08:43:58","31","67","41","50","13.744800","100.512700","1"
"579","2025-04-02 08:54:03","31","66","43","53","13.744800","100.512700","1"
"580","2025-04-02 09:04:07","31","66","44","52","13.744800","100.512700","1"
"581","2025-04-02 09:24:17","31","66","44","52","13.744800","100.512700","1"
"582","2025-04-02 09:34:22","31","65","43","51","13.744800","100.512700","1"
"583","2025-04-02 09:44:26","31","64","43","53","13.744800","100.512700","1"
"584","2025-04-02 09:54:31","31","63","43","50","13.744800","100.512700","1"
"585","2025-04-02 10:04:36","31","62","38","46","13.744800","100.512700","1"
"586","2025-04-02 10:14:41","31","59","37","42","13.744800","100.512700","1"
"587","2025-04-02 10:24:46","31","59","37","44","13.744800","100.512700","1"
"588","2025-04-02 10:34:51","31","58","39","48","13.744800","100.512700","1"
"589","2025-04-02 10:44:55","31","58","37","41","13.744800","100.512700","1"
"590","2025-04-02 10:55:01","31","57","36","44","13.744800","100.512700","1"
"591","2025-04-02 11:05:06","31","57","35","44","13.744800","100.512700","1"
"592","2025-04-02 11:15:12","31","56","36","43","13.744800","100.512700","1"
"593","2025-04-02 11:25:17","31","56","37","41","13.744800","100.512700","1"
"594","2025-04-02 11:35:22","31","56","37","42","13.744800","100.512700","1"
"595","2025-04-02 11:45:26","31","56","33","36","13.744800","100.512700","1"
"596","2025-04-02 11:55:31","31","55","38","45","13.744800","100.512700","1"
"597","2025-04-02 12:05:36","31","55","35","41","13.744800","100.512700","1"
"598","2025-04-02 12:15:41","31","56","36","42","13.744800","100.512700","1"
"599","2025-04-02 12:35:51","31","56","33","37","13.744800","100.512700","1"
"600","2025-04-02 12:45:55","31","56","35","42","13.744800","100.512700","1"
"601","2025-04-02 12:56:00","31","55","33","35","13.744800","100.512700","1"
"602","2025-04-02 13:06:05","31","55","37","42","13.744800","100.512700","1"
"603","2025-04-02 13:16:10","31","56","35","38","13.744800","100.512700","1"
"604","2025-04-02 13:26:14","31","56","40","48","13.744800","100.512700","1"
"605","2025-04-02 13:36:19","31","56","36","41","13.744800","100.512700","1"
"606","2025-04-02 13:58:12","31","55","33","38","13.744800","100.512700","1"
"607","2025-04-02 14:08:17","31","54","37","42","13.744800","100.512700","1"
"608","2025-04-02 14:28:34","31","54","32","35","13.744800","100.512700","1"
"609","2025-04-02 14:38:40","31","54","37","45","13.744800","100.512700","1"
"610","2025-04-02 14:48:44","31","54","32","38","13.744800","100.512700","1"
"611","2025-04-02 14:58:49","31","54","34","38","13.744800","100.512700","1"
"612","2025-04-02 15:09:14","31","54","38","44","13.744800","100.512700","1"
"613","2025-04-02 15:19:19","31","54","33","36","13.744800","100.512700","1"
"614","2025-04-02 15:29:24","31","55","36","46","13.744800","100.512700","1"
"615","2025-04-02 15:39:29","31","56","42","51","13.744800","100.512700","1"
"616","2025-04-02 15:49:33","31","55","40","47","13.744800","100.512700","1"
"617","2025-04-02 15:59:38","31","56","42","52","13.744800","100.512700","1"
"618","2025-04-02 16:09:43","31","56","39","48","13.744800","100.512700","1"
"619","2025-04-02 16:19:48","31","57","40","49","13.744800","100.512700","1"
"620","2025-04-02 16:39:57","31","59","41","50","13.744800","100.512700","1"
"621","2025-04-02 16:50:02","31","59","40","48","13.744800","100.512700","1"
"622","2025-04-02 17:00:07","31","59","35","41","13.744800","100.512700","1"
"623","2025-04-02 17:10:11","31","60","36","43","13.744800","100.512700","1"
"624","2025-04-02 17:20:16","31","60","34","39","13.744800","100.512700","1"
"625","2025-04-02 17:30:21","31","60","36","44","13.744800","100.512700","1"
"626","2025-04-02 17:40:27","31","60","36","42","13.744800","100.512700","1"
"627","2025-04-02 17:50:31","31","60","32","37","13.744800","100.512700","1"
"628","2025-04-02 18:00:36","31","60","38","44","13.744800","100.512700","1"
"629","2025-04-02 18:10:41","31","61","34","38","13.744800","100.512700","1"
"630","2025-04-02 18:20:46","31","61","36","41","13.744800","100.512700","1"
"631","2025-04-02 18:30:56","32","60","36","44","13.744800","100.512700","1"
"632","2025-04-02 18:41:01","32","61","32","38","13.744800","100.512700","1"
"633","2025-04-02 18:51:06","32","61","33","39","13.744800","100.512700","1"
"634","2025-04-02 19:01:11","32","61","37","45","13.744800","100.512700","1"
"635","2025-04-02 19:11:16","32","62","39","46","13.744800","100.512700","1"
"636","2025-04-02 19:21:20","32","61","37","43","13.744800","100.512700","1"
"637","2025-04-02 19:31:26","32","61","38","47","13.744800","100.512700","1"
"638","2025-04-02 19:41:30","32","61","32","36","13.744800","100.512700","1"
"639","2025-04-02 19:51:35","32","60","38","43","13.744800","100.512700","1"
"640","2025-04-02 20:01:41","32","61","39","47","13.744800","100.512700","1"
"641","2025-04-02 20:11:45","32","61","37","43","13.744800","100.512700","1"
"642","2025-04-02 20:21:50","32","61","38","44","13.744800","100.512700","1"
"643","2025-04-02 20:31:55","32","62","38","47","13.744800","100.512700","1"
"644","2025-04-02 20:42:00","31","63","37","43","13.744800","100.512700","1"
"645","2025-04-02 20:52:05","31","62","39","48","13.744800","100.512700","1"
"646","2025-04-02 21:02:10","32","61","39","45","13.744800","100.512700","1"
"647","2025-04-02 21:12:15","32","61","42","52","13.744800","100.512700","1"
"648","2025-04-02 21:22:19","32","60","42","50","13.744800","100.512700","1"
"649","2025-04-02 21:32:25","32","59","43","51","13.744800","100.512700","1"
"650","2025-04-02 21:42:29","32","59","44","54","13.744800","100.512700","1"
"651","2025-04-02 21:52:36","32","58","43","54","13.744800","100.512700","1"
"652","2025-04-02 22:02:40","32","59","44","52","13.744800","100.512700","1"
"653","2025-04-02 22:12:45","32","58","45","55","13.744800","100.512700","1"
"654","2025-04-02 22:22:50","32","59","43","52","13.744800","100.512700","1"
"655","2025-04-02 22:53:05","32","60","44","52","13.744800","100.512700","1"
"656","2025-04-02 23:03:10","32","60","41","49","13.744800","100.512700","1"
"657","2025-04-02 23:13:15","32","60","44","52","13.744800","100.512700","1"
"658","2025-04-02 23:23:20","32","59","46","54","13.744800","100.512700","1"
"659","2025-04-02 23:43:31","32","59","46","56","13.744800","100.512700","1"
"660","2025-04-02 23:53:36","32","59","44","54","13.744800","100.512700","1"
"661","2025-04-03 00:03:41","32","59","41","50","13.744800","100.512700","1"
"662","2025-04-03 00:13:46","32","59","41","49","13.744800","100.512700","1"
"663","2025-04-03 00:23:50","32","60","44","51","13.744800","100.512700","1"
"664","2025-04-03 00:33:56","32","60","37","44","13.744800","100.512700","1"
"665","2025-04-03 00:44:00","32","60","36","44","13.744800","100.512700","1"
"666","2025-04-03 00:54:05","32","60","40","49","13.744800","100.512700","1"
"667","2025-04-03 01:04:10","32","60","40","47","13.744800","100.512700","1"
"668","2025-04-03 01:14:15","32","61","36","41","13.744800","100.512700","1"
"669","2025-04-03 01:24:20","32","61","37","45","13.744800","100.512700","1"
"670","2025-04-03 01:34:25","32","61","38","47","13.744800","100.512700","1"
"671","2025-04-03 01:44:30","31","62","36","41","13.744800","100.512700","1"
"672","2025-04-03 01:54:35","31","62","40","48","13.744800","100.512700","1"
"673","2025-04-03 02:04:39","31","63","40","47","13.744800","100.512700","1"
"674","2025-04-03 02:14:45","31","63","37","46","13.744800","100.512700","1"
"675","2025-04-03 02:24:49","31","63","41","48","13.744800","100.512700","1"
"676","2025-04-03 02:34:54","31","63","37","44","13.744800","100.512700","1"
"677","2025-04-03 02:44:59","31","63","39","47","13.744800","100.512700","1"
"678","2025-04-03 03:05:09","31","63","38","44","13.744800","100.512700","1"
"679","2025-04-03 03:15:14","31","63","38","44","13.744800","100.512700","1"
"680","2025-04-03 03:25:19","31","64","38","46","13.744800","100.512700","1"
"681","2025-04-03 03:35:23","31","64","35","40","13.744800","100.512700","1"
"682","2025-04-03 03:45:28","31","63","30","31","13.744800","100.512700","1"
"683","2025-04-03 03:55:33","31","63","23","23","13.744800","100.512700","1"
"684","2025-04-03 04:05:38","31","64","12","15","13.744800","100.512700","1"
"685","2025-04-03 04:15:43","31","64","13","13","13.744800","100.512700","1"
"686","2025-04-03 04:35:53","31","64","13","13","13.744800","100.512700","1"
"687","2025-04-03 04:45:58","31","64","15","15","13.744800","100.512700","1"
"688","2025-04-03 04:56:02","31","63","12","12","13.744800","100.512700","1"
"689","2025-04-03 05:06:07","31","63","16","18","13.744800","100.512700","1"
"690","2025-04-03 05:16:12","31","63","13","13","13.744800","100.512700","1"
"691","2025-04-03 05:26:16","31","63","14","15","13.744800","100.512700","1"
"692","2025-04-03 05:36:21","31","63","12","12","13.744800","100.512700","1"
"693","2025-04-03 05:46:26","31","63","14","14","13.744800","100.512700","1"
"694","2025-04-03 05:56:31","31","63","18","18","13.744800","100.512700","1"
"695","2025-04-03 06:06:36","31","64","20","20","13.744800","100.512700","1"
"696","2025-04-03 06:16:41","31","64","23","26","13.744800","100.512700","1"
"697","2025-04-03 06:26:46","31","64","46","58","13.744800","100.512700","1"
"698","2025-04-03 06:36:51","31","64","112","116","13.744800","100.512700","1"
"699","2025-04-03 06:46:55","31","64","112","114","13.744800","100.512700","1"
"700","2025-04-03 06:57:00","31","64","77","78","13.744800","100.512700","1"
"701","2025-04-03 07:07:05","31","64","55","68","13.744800","100.512700","1"
"702","2025-04-03 07:17:10","31","64","44","55","13.744800","100.512700","1"
"703","2025-04-03 07:27:15","31","64","43","51","13.744800","100.512700","1"
"704","2025-04-03 07:37:20","31","64","36","41","13.744800","100.512700","1"
"705","2025-04-03 07:47:25","31","64","31","37","13.744800","100.512700","1"
"706","2025-04-03 07:57:30","31","65","28","29","13.744800","100.512700","1"
"707","2025-04-03 08:07:35","31","65","29","30","13.744800","100.512700","1"
"708","2025-04-03 08:17:40","31","65","26","30","13.744800","100.512700","1"
"709","2025-04-03 08:27:45","31","65","23","27","13.744800","100.512700","1"
"710","2025-04-03 08:37:50","31","65","30","30","13.744800","100.512700","1"
"711","2025-04-03 08:47:55","31","65","24","26","13.744800","100.512700","1"
"712","2025-04-03 08:57:59","31","65","27","27","13.744800","100.512700","1"
"713","2025-04-03 09:08:04","31","64","25","28","13.744800","100.512700","1"
"714","2025-04-03 09:18:09","31","64","27","29","13.744800","100.512700","1"
"715","2025-04-03 09:28:14","31","64","31","31","13.744800","100.512700","1"
"716","2025-04-03 09:38:19","31","65","25","26","13.744800","100.512700","1"
"717","2025-04-03 09:48:24","31","64","28","31","13.744800","100.512700","1"
"718","2025-04-03 09:58:29","31","64","28","30","13.744800","100.512700","1"
"719","2025-04-03 10:08:34","31","64","28","30","13.744800","100.512700","1"
"720","2025-04-03 10:18:39","31","64","25","26","13.744800","100.512700","1"
"721","2025-04-03 10:28:44","31","64","26","27","13.744800","100.512700","1"
"722","2025-04-03 10:38:49","31","63","25","25","13.744800","100.512700","1"
"723","2025-04-03 10:48:54","31","63","31","31","13.744800","100.512700","1"
"724","2025-04-03 10:58:59","31","63","32","35","13.744800","100.512700","1"
"725","2025-04-03 11:09:04","31","62","30","31","13.744800","100.512700","1"
"726","2025-04-03 11:19:09","31","62","29","31","13.744800","100.512700","1"
"727","2025-04-03 11:29:14","31","62","35","41","13.744800","100.512700","1"
"728","2025-04-03 11:39:19","31","61","38","43","13.744800","100.512700","1"
"729","2025-04-03 11:49:24","31","61","36","42","13.744800","100.512700","1"
"730","2025-04-03 11:59:29","31","61","38","48","13.744800","100.512700","1"
"731","2025-04-03 12:09:34","31","61","40","48","13.744800","100.512700","1"
"732","2025-04-03 12:19:39","31","60","36","41","13.744800","100.512700","1"
"733","2025-04-03 12:29:44","31","61","38","46","13.744800","100.512700","1"
"734","2025-04-03 12:39:49","31","61","39","46","13.744800","100.512700","1"
"735","2025-04-03 12:49:54","31","60","39","46","13.744800","100.512700","1"
"736","2025-04-03 12:59:59","31","60","36","43","13.744800","100.512700","1"
"737","2025-04-03 13:10:03","31","60","39","45","13.744800","100.512700","1"
"738","2025-04-03 13:20:08","31","59","38","44","13.744800","100.512700","1"
"739","2025-04-03 13:30:13","31","59","38","44","13.744800","100.512700","1"
"740","2025-04-03 13:40:18","31","59","38","44","13.744800","100.512700","1"
"741","2025-04-03 13:50:23","31","58","36","43","13.744800","100.512700","1"
"742","2025-04-03 14:00:27","31","58","35","40","13.744800","100.512700","1"
"743","2025-04-03 14:10:32","31","58","39","45","13.744800","100.512700","1"
"744","2025-04-03 14:20:37","32","57","44","54","13.744800","100.512700","1"
"745","2025-04-03 14:30:42","32","55","41","50","13.744800","100.512700","1"
"746","2025-04-03 14:40:48","32","55","40","49","13.744800","100.512700","1"
"747","2025-04-03 14:50:52","32","55","39","47","13.744800","100.512700","1"
"748","2025-04-03 15:00:57","32","55","42","49","13.744800","100.512700","1"
"749","2025-04-03 15:11:02","32","55","42","50","13.744800","100.512700","1"
"750","2025-04-03 15:21:08","32","55","39","46","13.744800","100.512700","1"
"751","2025-04-03 15:31:12","32","55","38","44","13.744800","100.512700","1"
"752","2025-04-03 15:41:17","32","55","38","45","13.744800","100.512700","1"
"753","2025-04-03 15:51:22","32","55","38","45","13.744800","100.512700","1"
"754","2025-04-03 16:01:27","32","55","43","54","13.744800","100.512700","1"
"755","2025-04-03 16:11:32","32","55","69","80","13.744800","100.512700","1"
"756","2025-04-03 16:21:37","32","55","50","63","13.744800","100.512700","1"
"757","2025-04-03 16:31:42","32","55","43","54","13.744800","100.512700","1"
"758","2025-04-03 16:41:47","32","56","43","52","13.744800","100.512700","1"
"759","2025-04-03 17:01:56","32","57","41","50","13.744800","100.512700","1"
"760","2025-04-03 17:12:01","32","58","42","48","13.744800","100.512700","1"
"761","2025-04-03 17:32:11","32","59","36","44","13.744800","100.512700","1"
"762","2025-04-03 17:42:16","32","59","38","43","13.744800","100.512700","1"
"763","2025-04-03 17:52:21","32","59","40","47","13.744800","100.512700","1"
"764","2025-04-03 18:02:26","32","60","38","46","13.744800","100.512700","1"
"765","2025-04-03 18:12:31","32","60","39","47","13.744800","100.512700","1"
"766","2025-04-03 18:22:36","32","60","41","47","13.744800","100.512700","1"
"767","2025-04-03 18:32:41","32","61","40","48","13.744800","100.512700","1"
"768","2025-04-03 18:42:46","32","61","43","51","13.744800","100.512700","1"
"769","2025-04-03 18:52:51","32","62","36","41","13.744800","100.512700","1"
"770","2025-04-03 19:02:56","32","62","35","41","13.744800","100.512700","1"
"771","2025-04-03 19:13:01","32","62","35","45","13.744800","100.512700","1"
"772","2025-04-03 19:23:05","32","62","36","42","13.744800","100.512700","1"
"773","2025-04-03 19:33:11","32","63","40","47","13.744800","100.512700","1"
"774","2025-04-03 19:43:15","32","62","38","47","13.744800","100.512700","1"
"775","2025-04-03 19:53:21","32","61","36","41","13.744800","100.512700","1"
"776","2025-04-03 20:03:25","32","62","28","29","13.744800","100.512700","1"
"777","2025-04-03 20:13:30","32","62","33","36","13.744800","100.512700","1"
"778","2025-04-03 20:23:35","32","63","30","35","13.744800","100.512700","1"
"779","2025-04-03 20:33:40","32","63","28","28","13.744800","100.512700","1"
"780","2025-04-03 20:43:45","32","63","26","26","13.744800","100.512700","1"
"781","2025-04-03 20:53:50","32","63","25","28","13.744800","100.512700","1"
"782","2025-04-03 21:03:54","32","63","22","22","13.744800","100.512700","1"
"783","2025-04-03 21:34:13","32","62","16","16","13.744800","100.512700","1"
"784","2025-04-03 22:04:29","32","62","16","16","13.744800","100.512700","1"
"785","2025-04-03 22:14:35","32","62","17","17","13.744800","100.512700","1"
"786","2025-04-03 22:24:40","32","62","15","15","13.744800","100.512700","1"
"787","2025-04-03 22:34:45","32","62","20","20","13.744800","100.512700","1"
"788","2025-04-03 22:44:50","32","62","15","15","13.744800","100.512700","1"
"789","2025-04-03 22:54:54","32","63","16","18","13.744800","100.512700","1"
"790","2025-04-03 23:04:59","32","63","12","15","13.744800","100.512700","1"
"791","2025-04-03 23:15:05","32","64","16","19","13.744800","100.512700","1"
"792","2025-04-03 23:25:10","32","64","12","12","13.744800","100.512700","1"
"793","2025-04-03 23:35:15","32","64","16","16","13.744800","100.512700","1"
"794","2025-04-03 23:45:19","32","64","15","15","13.744800","100.512700","1"
"795","2025-04-03 23:55:24","32","64","13","14","13.744800","100.512700","1"
"796","2025-04-04 00:05:29","32","64","12","12","13.744800","100.512700","1"
"797","2025-04-04 00:15:34","32","64","12","12","13.744800","100.512700","1"
"798","2025-04-04 00:25:39","32","64","14","14","13.744800","100.512700","1"
"799","2025-04-04 00:35:43","32","64","12","13","13.744800","100.512700","1"
"800","2025-04-04 00:45:48","32","64","12","13","13.744800","100.512700","1"
"801","2025-04-04 00:55:53","32","64","10","10","13.744800","100.512700","1"
"802","2025-04-04 01:05:57","32","64","10","10","13.744800","100.512700","1"
"803","2025-04-04 01:16:02","32","63","11","11","13.744800","100.512700","1"
"804","2025-04-04 01:26:07","32","63","10","10","13.744800","100.512700","1"
"805","2025-04-04 01:36:12","32","63","8","8","13.744800","100.512700","1"
"806","2025-04-04 01:46:16","32","64","10","11","13.744800","100.512700","1"
"807","2025-04-04 01:56:22","31","64","10","10","13.744800","100.512700","1"
"808","2025-04-04 02:06:26","31","64","9","9","13.744800","100.512700","1"
"809","2025-04-04 02:16:31","31","64","9","11","13.744800","100.512700","1"
"810","2025-04-04 02:26:36","31","64","7","7","13.744800","100.512700","1"
"811","2025-04-04 02:36:41","31","64","9","9","13.744800","100.512700","1"
"812","2025-04-04 02:46:46","31","64","9","10","13.744800","100.512700","1"
"813","2025-04-04 02:56:50","31","64","9","9","13.744800","100.512700","1"
"814","2025-04-04 03:06:55","31","64","9","9","13.744800","100.512700","1"
"815","2025-04-04 03:17:00","31","63","8","8","13.744800","100.512700","1"
"816","2025-04-04 03:27:05","31","63","9","10","13.744800","100.512700","1"
"817","2025-04-04 03:37:09","31","63","10","11","13.744800","100.512700","1"
"818","2025-04-04 03:47:14","31","63","9","9","13.744800","100.512700","1"
"819","2025-04-04 03:57:19","31","63","9","10","13.744800","100.512700","1"
"820","2025-04-04 04:07:24","31","63","11","11","13.744800","100.512700","1"
"821","2025-04-04 04:17:29","31","63","9","9","13.744800","100.512700","1"
"822","2025-04-04 04:27:34","31","63","10","10","13.744800","100.512700","1"
"823","2025-04-04 04:37:38","31","63","9","9","13.744800","100.512700","1"
"824","2025-04-04 04:47:43","31","63","9","9","13.744800","100.512700","1"
"825","2025-04-04 05:07:53","31","63","10","10","13.744800","100.512700","1"
"826","2025-04-04 05:17:58","31","63","11","11","13.744800","100.512700","1"
"827","2025-04-04 05:28:03","31","63","8","9","13.744800","100.512700","1"
"828","2025-04-04 05:38:08","31","63","9","10","13.744800","100.512700","1"
"829","2025-04-04 05:48:12","31","63","9","9","13.744800","100.512700","1"
"830","2025-04-04 05:58:17","31","63","8","8","13.744800","100.512700","1"
"831","2025-04-04 06:08:22","31","63","9","9","13.744800","100.512700","1"
"832","2025-04-04 06:18:27","31","63","12","13","13.744800","100.512700","1"
"833","2025-04-04 06:38:36","31","63","15","16","13.744800","100.512700","1"
"834","2025-04-04 06:48:41","31","63","16","17","13.744800","100.512700","1"
"835","2025-04-04 06:58:46","31","64","16","18","13.744800","100.512700","1"
"836","2025-04-04 07:08:51","31","64","14","14","13.744800","100.512700","1"
"837","2025-04-04 07:18:56","31","64","14","14","13.744800","100.512700","1"
"838","2025-04-04 07:29:01","31","64","13","13","13.744800","100.512700","1"
"839","2025-04-04 07:39:06","31","64","15","15","13.744800","100.512700","1"
"840","2025-04-04 07:49:10","31","64","12","14","13.744800","100.512700","1"
"841","2025-04-04 07:59:15","31","64","15","15","13.744800","100.512700","1"
"842","2025-04-04 08:09:20","31","64","13","13","13.744800","100.512700","1"
"843","2025-04-04 08:19:26","31","65","14","14","13.744800","100.512700","1"
"844","2025-04-04 08:29:31","31","65","13","13","13.744800","100.512700","1"
"845","2025-04-04 08:39:35","31","65","14","14","13.744800","100.512700","1"
"846","2025-04-04 08:49:41","31","65","16","16","13.744800","100.512700","1"
"847","2025-04-04 08:59:46","31","65","13","13","13.744800","100.512700","1"
"848","2025-04-04 09:09:51","31","65","14","15","13.744800","100.512700","1"
"849","2025-04-04 09:19:55","31","65","13","14","13.744800","100.512700","1"
"850","2025-04-04 09:30:00","31","65","13","13","13.744800","100.512700","1"
"851","2025-04-04 09:40:05","31","65","13","13","13.744800","100.512700","1"
"852","2025-04-04 09:50:10","31","65","13","17","13.744800","100.512700","1"
"853","2025-04-04 10:00:15","31","65","12","14","13.744800","100.512700","1"
"854","2025-04-04 10:10:20","31","65","16","16","13.744800","100.512700","1"
"855","2025-04-04 10:20:24","31","65","15","15","13.744800","100.512700","1"
"856","2025-04-04 10:30:30","31","65","18","18","13.744800","100.512700","1"
"857","2025-04-04 10:40:35","31","65","17","18","13.744800","100.512700","1"
"858","2025-04-04 10:50:39","31","65","16","16","13.744800","100.512700","1"
"859","2025-04-04 11:00:44","31","65","19","19","13.744800","100.512700","1"
"860","2025-04-04 11:10:49","31","65","20","23","13.744800","100.512700","1"
"861","2025-04-04 11:20:54","31","65","23","23","13.744800","100.512700","1"
"862","2025-04-04 11:30:59","31","64","26","28","13.744800","100.512700","1"
"863","2025-04-04 11:41:04","31","64","27","29","13.744800","100.512700","1"
"864","2025-04-04 11:51:09","31","64","26","26","13.744800","100.512700","1"
"865","2025-04-04 12:01:14","31","64","26","28","13.744800","100.512700","1"
"866","2025-04-04 12:11:19","31","64","26","28","13.744800","100.512700","1"
"867","2025-04-04 12:21:24","31","64","27","28","13.744800","100.512700","1"
"868","2025-04-04 12:31:29","31","64","26","28","13.744800","100.512700","1"
"869","2025-04-04 12:41:33","31","64","34","37","13.744800","100.512700","1"
"870","2025-04-04 12:51:38","31","64","28","29","13.744800","100.512700","1"
"871","2025-04-04 13:01:43","31","64","36","45","13.744800","100.512700","1"
"872","2025-04-04 13:11:48","31","64","29","31","13.744800","100.512700","1"
"873","2025-04-04 13:21:53","31","64","24","25","13.744800","100.512700","1"
"874","2025-04-04 13:31:58","31","65","27","27","13.744800","100.512700","1"
"875","2025-04-04 13:42:03","31","65","27","27","13.744800","100.512700","1"
"876","2025-04-04 13:52:08","31","64","30","37","13.744800","100.512700","1"
"877","2025-04-04 14:02:12","31","65","27","28","13.744800","100.512700","1"
"878","2025-04-04 14:12:17","31","65","27","28","13.744800","100.512700","1"
"879","2025-04-04 14:22:22","31","64","23","23","13.744800","100.512700","1"
"880","2025-04-04 14:32:27","31","64","28","29","13.744800","100.512700","1"
"881","2025-04-04 14:42:32","31","65","22","23","13.744800","100.512700","1"
"882","2025-04-04 14:52:36","31","65","23","24","13.744800","100.512700","1"
"883","2025-04-04 15:02:41","32","64","26","26","13.744800","100.512700","1"
"884","2025-04-04 15:12:46","32","63","26","27","13.744800","100.512700","1"
"885","2025-04-04 15:22:51","32","62","39","46","13.744800","100.512700","1"
"886","2025-04-04 15:32:55","32","62","32","36","13.744800","100.512700","1"
"887","2025-04-04 15:43:00","32","62","25","27","13.744800","100.512700","1"
"888","2025-04-04 15:53:05","32","62","29","29","13.744800","100.512700","1"
"889","2025-04-04 16:03:10","32","62","29","29","13.744800","100.512700","1"
"890","2025-04-04 16:13:15","32","62","26","27","13.744800","100.512700","1"
"891","2025-04-04 16:23:19","32","63","24","29","13.744800","100.512700","1"
"892","2025-04-04 16:33:24","32","64","30","31","13.744800","100.512700","1"
"893","2025-04-04 16:43:29","32","64","28","28","13.744800","100.512700","1"
"894","2025-04-04 16:53:35","32","64","28","32","13.744800","100.512700","1"
"895","2025-04-04 17:03:39","32","64","31","35","13.744800","100.512700","1"
"896","2025-04-04 17:13:44","32","64","31","32","13.744800","100.512700","1"
"897","2025-04-04 17:23:49","32","64","27","28","13.744800","100.512700","1"
"898","2025-04-04 17:33:54","32","64","28","29","13.744800","100.512700","1"
"899","2025-04-04 17:43:58","32","64","19","21","13.744800","100.512700","1"
"900","2025-04-04 17:54:03","32","64","29","31","13.744800","100.512700","1"
"901","2025-04-04 18:04:08","32","64","29","30","13.744800","100.512700","1"
"902","2025-04-04 18:14:13","32","64","27","29","13.744800","100.512700","1"
"903","2025-04-04 18:24:18","32","64","22","25","13.744800","100.512700","1"
"904","2025-04-04 18:34:23","32","64","21","21","13.744800","100.512700","1"
"905","2025-04-04 18:44:27","32","64","19","21","13.744800","100.512700","1"
"906","2025-04-04 18:54:33","32","64","18","20","13.744800","100.512700","1"
"907","2025-04-04 19:04:37","32","65","21","21","13.744800","100.512700","1"
"908","2025-04-04 19:14:42","32","65","27","28","13.744800","100.512700","1"
"909","2025-04-04 19:24:47","32","65","19","19","13.744800","100.512700","1"
"910","2025-04-04 19:34:52","32","65","18","19","13.744800","100.512700","1"
"911","2025-04-04 19:44:57","32","65","27","29","13.744800","100.512700","1"
"912","2025-04-04 19:55:02","32","64","24","24","13.744800","100.512700","1"
"913","2025-04-04 20:05:06","32","64","19","20","13.744800","100.512700","1"
"914","2025-04-04 20:15:11","32","62","22","22","13.744800","100.512700","1"
"915","2025-04-04 20:25:16","32","63","26","28","13.744800","100.512700","1"
"916","2025-04-04 20:35:21","32","64","19","20","13.744800","100.512700","1"
"917","2025-04-04 20:45:25","32","64","21","21","13.744800","100.512700","1"
"918","2025-04-04 20:55:30","32","63","23","23","13.744800","100.512700","1"
"919","2025-04-04 21:05:35","32","63","14","14","13.744800","100.512700","1"
"920","2025-04-04 21:15:40","32","63","15","15","13.744800","100.512700","1"
"921","2025-04-04 21:25:45","32","63","19","19","13.744800","100.512700","1"
"922","2025-04-04 21:35:50","32","63","16","16","13.744800","100.512700","1"
"923","2025-04-04 21:45:55","32","63","14","14","13.744800","100.512700","1"
"924","2025-04-04 21:56:00","32","63","12","12","13.744800","100.512700","1"
"925","2025-04-04 22:06:05","32","63","15","15","13.744800","100.512700","1"
"926","2025-04-04 22:16:09","32","63","18","18","13.744800","100.512700","1"
"927","2025-04-04 22:26:14","32","63","9","9","13.744800","100.512700","1"
"928","2025-04-04 22:36:19","32","64","14","14","13.744800","100.512700","1"
"929","2025-04-04 22:46:24","32","64","16","17","13.744800","100.512700","1"
"930","2025-04-04 22:56:29","32","64","12","13","13.744800","100.512700","1"
"931","2025-04-04 23:06:33","32","64","12","12","13.744800","100.512700","1"
"932","2025-04-04 23:16:38","32","64","12","12","13.744800","100.512700","1"
"933","2025-04-04 23:26:43","32","64","13","15","13.744800","100.512700","1"
"934","2025-04-04 23:36:48","32","64","10","10","13.744800","100.512700","1"
"935","2025-04-04 23:46:52","32","64","10","10","13.744800","100.512700","1"
"936","2025-04-04 23:56:57","32","64","13","13","13.744800","100.512700","1"
"937","2025-04-05 00:07:02","32","64","13","13","13.744800","100.512700","1"
"938","2025-04-05 00:17:07","32","64","13","15","13.744800","100.512700","1"
"939","2025-04-05 00:27:11","32","64","11","11","13.744800","100.512700","1"
"940","2025-04-05 00:37:17","32","64","9","11","13.744800","100.512700","1"
"941","2025-04-05 00:47:22","32","63","11","11","13.744800","100.512700","1"
"942","2025-04-05 00:57:27","32","63","10","10","13.744800","100.512700","1"
"943","2025-04-05 01:07:32","32","63","9","13","13.744800","100.512700","1"
"944","2025-04-05 01:17:36","32","63","7","7","13.744800","100.512700","1"
"945","2025-04-05 01:27:41","31","64","9","12","13.744800","100.512700","1"
"946","2025-04-05 01:37:46","31","64","10","10","13.744800","100.512700","1"
"947","2025-04-05 01:47:50","31","64","10","10","13.744800","100.512700","1"
"948","2025-04-05 01:57:55","31","64","12","12","13.744800","100.512700","1"
"949","2025-04-05 02:08:00","31","64","8","8","13.744800","100.512700","1"
"950","2025-04-05 02:18:05","31","64","10","10","13.744800","100.512700","1"
"951","2025-04-05 02:28:10","31","64","11","11","13.744800","100.512700","1"
"952","2025-04-05 02:38:15","31","64","10","10","13.744800","100.512700","1"
"953","2025-04-05 02:48:19","31","64","7","9","13.744800","100.512700","1"
"954","2025-04-05 02:58:24","31","64","9","9","13.744800","100.512700","1"
"955","2025-04-05 03:08:29","31","64","10","13","13.744800","100.512700","1"
"956","2025-04-05 03:18:34","31","64","7","8","13.744800","100.512700","1"
"957","2025-04-05 03:28:39","31","64","9","10","13.744800","100.512700","1"
"958","2025-04-05 03:38:44","31","65","10","10","13.744800","100.512700","1"
"959","2025-04-05 03:48:48","31","65","12","15","13.744800","100.512700","1"
"960","2025-04-05 03:58:53","31","64","9","9","13.744800","100.512700","1"
"961","2025-04-05 04:08:58","31","64","8","8","13.744800","100.512700","1"
"962","2025-04-05 04:19:03","31","64","8","9","13.744800","100.512700","1"
"963","2025-04-05 04:29:08","31","64","9","13","13.744800","100.512700","1"
"964","2025-04-05 04:39:13","31","64","8","9","13.744800","100.512700","1"
"965","2025-04-05 04:49:17","31","65","7","7","13.744800","100.512700","1"
"966","2025-04-05 04:59:22","31","65","10","10","13.744800","100.512700","1"
"967","2025-04-05 05:09:27","31","65","9","10","13.744800","100.512700","1"
"968","2025-04-05 05:19:32","31","65","10","10","13.744800","100.512700","1"
"969","2025-04-05 05:29:36","31","65","9","12","13.744800","100.512700","1"
"970","2025-04-05 05:39:41","31","65","9","12","13.744800","100.512700","1"
"971","2025-04-05 05:49:46","31","65","10","11","13.744800","100.512700","1"
"972","2025-04-05 05:59:51","31","65","9","10","13.744800","100.512700","1"
"973","2025-04-05 06:09:56","31","65","16","16","13.744800","100.512700","1"
"974","2025-04-05 06:20:01","31","65","19","19","13.744800","100.512700","1"
"975","2025-04-05 06:30:05","31","65","16","18","13.744800","100.512700","1"
"976","2025-04-05 06:40:10","31","65","15","15","13.744800","100.512700","1"
"977","2025-04-05 06:50:15","31","65","17","19","13.744800","100.512700","1"
"978","2025-04-05 07:00:20","31","65","16","17","13.744800","100.512700","1"
"979","2025-04-05 07:10:25","31","65","18","18","13.744800","100.512700","1"
"980","2025-04-05 07:20:30","31","65","24","24","13.744800","100.512700","1"
"981","2025-04-05 07:30:34","31","66","24","26","13.744800","100.512700","1"
"982","2025-04-05 07:40:39","31","66","21","21","13.744800","100.512700","1"
"983","2025-04-05 07:50:44","31","66","20","20","13.744800","100.512700","1"
"984","2025-04-05 08:00:49","31","66","16","16","13.744800","100.512700","1"
"985","2025-04-05 08:10:53","31","66","16","16","13.744800","100.512700","1"
"986","2025-04-05 08:20:58","31","66","20","20","13.744800","100.512700","1"
"987","2025-04-05 08:31:03","31","66","18","19","13.744800","100.512700","1"
"988","2025-04-05 08:41:08","31","66","16","16","13.744800","100.512700","1"
"989","2025-04-05 08:56:10","31","66","17","19","13.744800","100.512700","1"
"990","2025-04-05 09:06:15","31","66","13","13","13.744800","100.512700","1"
"991","2025-04-05 09:16:20","31","66","14","17","13.744800","100.512700","1"
"992","2025-04-05 09:26:25","31","66","13","14","13.744800","100.512700","1"
"993","2025-04-05 09:36:30","31","66","13","13","13.744800","100.512700","1"
"994","2025-04-05 09:46:34","31","66","15","16","13.744800","100.512700","1"
"995","2025-04-05 09:56:39","31","66","12","13","13.744800","100.512700","1"
"996","2025-04-05 10:45:16","31","66","14","15","13.744800","100.512700","1"
"997","2025-04-05 11:05:25","31","65","10","10","13.744800","100.512700","1"
"998","2025-04-05 11:15:30","31","65","14","14","13.744800","100.512700","1"
"999","2025-04-05 11:25:35","31","65","12","14","13.744800","100.512700","1"
"1000","2025-04-05 11:35:40","31","64","17","19","13.744800","100.512700","1"
"1001","2025-04-05 11:45:45","31","64","15","15","13.744800","100.512700","1"
"1002","2025-04-05 11:55:50","31","64","16","16","13.744800","100.512700","1"
"1003","2025-04-05 12:05:55","31","64","15","18","13.744800","100.512700","1"
"1004","2025-04-05 12:16:00","31","64","17","17","13.744800","100.512700","1"
"1005","2025-04-05 12:26:05","31","64","15","15","13.744800","100.512700","1"
"1006","2025-04-05 12:36:10","31","64","18","21","13.744800","100.512700","1"
"1007","2025-04-05 12:46:15","31","64","16","17","13.744800","100.512700","1"
"1008","2025-04-05 12:56:20","31","64","16","21","13.744800","100.512700","1"
"1009","2025-04-05 13:06:25","31","64","19","19","13.744800","100.512700","1"
"1010","2025-04-05 13:16:30","31","64","15","15","13.744800","100.512700","1"
"1011","2025-04-05 13:26:35","31","64","18","18","13.744800","100.512700","1"
"1012","2025-04-05 13:36:40","31","63","25","25","13.744800","100.512700","1"
"1013","2025-04-05 13:46:45","31","63","21","22","13.744800","100.512700","1"
"1014","2025-04-05 13:56:50","31","63","22","22","13.744800","100.512700","1"
"1015","2025-04-05 14:06:54","31","63","20","20","13.744800","100.512700","1"
"1016","2025-04-05 14:16:59","31","63","21","22","13.744800","100.512700","1"
"1017","2025-04-05 14:27:04","31","63","22","22","13.744800","100.512700","1"
"1018","2025-04-05 14:37:09","31","62","20","20","13.744800","100.512700","1"
"1019","2025-04-05 14:47:14","31","62","22","24","13.744800","100.512700","1"
"1020","2025-04-05 14:57:18","31","62","18","21","13.744800","100.512700","1"
"1021","2025-04-05 15:07:23","31","61","20","20","13.744800","100.512700","1"
"1022","2025-04-05 15:17:28","31","62","32","35","13.744800","100.512700","1"
"1023","2025-04-05 15:28:01","31","63","35","41","13.744800","100.512700","1"
"1024","2025-04-05 15:38:06","31","63","31","33","13.744800","100.512700","1"
"1025","2025-04-05 15:48:11","31","62","24","24","13.744800","100.512700","1"
"1026","2025-04-05 15:58:16","31","62","21","23","13.744800","100.512700","1"
"1027","2025-04-05 16:08:21","31","62","17","18","13.744800","100.512700","1"
"1028","2025-04-05 16:18:26","31","62","18","21","13.744800","100.512700","1"
"1029","2025-04-05 16:28:31","31","62","19","19","13.744800","100.512700","1"
"1030","2025-04-05 16:38:36","32","62","27","28","13.744800","100.512700","1"
"1031","2025-04-07 00:56:23","32","64","29","30","13.744800","100.512700","1"
"1032","2025-04-07 01:06:48","32","64","29","30","13.744800","100.512700","1"
"1033","2025-04-07 01:16:53","32","64","20","20","13.744800","100.512700","1"
"1034","2025-04-07 01:26:58","32","64","19","20","13.744800","100.512700","1"
"1035","2025-04-07 01:37:03","32","64","22","22","13.744800","100.512700","1"
"1036","2025-04-07 01:47:08","32","64","23","24","13.744800","100.512700","1"
"1037","2025-04-07 01:57:13","32","64","21","21","13.744800","100.512700","1"
"1038","2025-04-07 02:07:18","32","64","16","19","13.744800","100.512700","1"
"1039","2025-04-07 02:17:23","32","64","20","22","13.744800","100.512700","1"
"1040","2025-04-07 02:27:28","32","64","19","19","13.744800","100.512700","1"
"1041","2025-04-07 02:37:32","32","64","16","18","13.744800","100.512700","1"
"1042","2025-04-07 02:47:37","32","64","15","16","13.744800","100.512700","1"
"1043","2025-04-07 02:57:42","32","63","23","26","13.744800","100.512700","1"
"1044","2025-04-07 03:07:47","32","63","17","19","13.744800","100.512700","1"
"1045","2025-04-07 03:17:52","32","63","15","17","13.744800","100.512700","1"
"1046","2025-04-07 03:27:57","32","63","15","16","13.744800","100.512700","1"
"1047","2025-04-07 03:38:02","32","63","13","14","13.744800","100.512700","1"
"1048","2025-04-07 03:48:06","32","63","11","11","13.744800","100.512700","1"
"1049","2025-04-07 03:58:11","32","63","12","14","13.744800","100.512700","1"
"1050","2025-04-07 04:08:16","32","63","18","18","13.744800","100.512700","1"
"1051","2025-04-07 04:18:21","32","63","15","15","13.744800","100.512700","1"
"1052","2025-04-07 04:28:26","32","64","14","14","13.744800","100.512700","1"
"1053","2025-04-07 04:38:30","32","64","15","15","13.744800","100.512700","1"
"1054","2025-04-07 04:48:36","32","64","16","18","13.744800","100.512700","1"
"1055","2025-04-07 04:58:40","32","64","15","17","13.744800","100.512700","1"
"1056","2025-04-07 05:08:45","32","64","16","16","13.744800","100.512700","1"
"1057","2025-04-07 05:18:50","32","64","14","14","13.744800","100.512700","1"
"1058","2025-04-07 05:28:55","32","64","17","17","13.744800","100.512700","1"
"1059","2025-04-07 05:39:00","32","64","15","17","13.744800","100.512700","1"
"1060","2025-04-07 05:49:04","31","64","17","19","13.744800","100.512700","1"
"1061","2025-04-07 05:59:09","31","64","15","17","13.744800","100.512700","1"
"1062","2025-04-07 06:09:14","31","64","22","23","13.744800","100.512700","1"
"1063","2025-04-07 06:19:19","31","64","17","18","13.744800","100.512700","1"
"1064","2025-04-07 06:29:23","31","64","19","21","13.744800","100.512700","1"
"1065","2025-04-07 06:39:28","31","64","24","29","13.744800","100.512700","1"
"1066","2025-04-07 06:49:34","31","64","44","53","13.744800","100.512700","1"
"1067","2025-04-07 06:59:39","31","64","35","42","13.744800","100.512700","1"
"1068","2025-04-07 07:09:44","31","64","29","30","13.744800","100.512700","1"
"1069","2025-04-07 07:19:49","31","64","32","35","13.744800","100.512700","1"
"1070","2025-04-07 07:29:54","31","64","22","23","13.744800","100.512700","1"
"1071","2025-04-07 07:39:59","31","65","23","25","13.744800","100.512700","1"
"1072","2025-04-07 07:50:04","32","64","29","33","13.744800","100.512700","1"
"1073","2025-04-07 08:00:09","32","64","40","47","13.744800","100.512700","1"
"1074","2025-04-07 08:10:14","32","64","39","49","13.744800","100.512700","1"
"1075","2025-04-07 08:20:19","32","64","43","52","13.744800","100.512700","1"
"1076","2025-04-07 08:30:24","32","64","43","50","13.744800","100.512700","1"
"1077","2025-04-07 08:40:28","32","64","36","41","13.744800","100.512700","1"
"1078","2025-04-07 08:50:33","32","64","66","73","13.744800","100.512700","1"
"1079","2025-04-07 09:00:38","32","64","48","57","13.744800","100.512700","1"
"1080","2025-04-07 09:20:48","32","64","35","42","13.744800","100.512700","1"
"1081","2025-04-07 09:30:53","32","63","30","32","13.744800","100.512700","1"
"1082","2025-04-07 09:40:57","32","63","27","27","13.744800","100.512700","1"
"1083","2025-04-07 09:51:02","32","63","26","26","13.744800","100.512700","1"
"1084","2025-04-07 09:52:54","31","64","21","25","13.744800","100.512700","1"
"1085","2025-04-07 09:54:41","31","82","15","17","13.744800","100.512700","1"
"1088","2025-04-07 10:00:59","30","69","18","18","13.744800","100.512700","1"
"1089","2025-04-07 10:01:36","30","69","15","15","13.744800","100.512700","1"
"1090","2025-04-07 10:11:42","31","69","24","26","13.744800","100.512700","1"
"1091","2025-04-07 10:21:47","30","68","21","21","13.744800","100.512700","1"
"1092","2025-04-07 10:31:52","30","68","20","23","13.744800","100.512700","1"
"1093","2025-04-07 10:41:57","30","68","15","15","13.744800","100.512700","1"
"1094","2025-04-07 10:52:02","30","67","13","13","13.744800","100.512700","1"
"1095","2025-04-07 11:02:07","30","68","18","21","13.744800","100.512700","1"
"1096","2025-04-07 11:12:12","30","69","23","23","13.744800","100.512700","1"
"1097","2025-04-07 11:22:17","30","69","18","18","13.744800","100.512700","1"
"1098","2025-04-07 11:32:21","30","69","20","22","13.744800","100.512700","1"
"1099","2025-04-07 11:42:26","30","70","21","21","13.744800","100.512700","1"
"1100","2025-04-07 11:53:21","31","69","20","21","13.744800","100.512700","1"
"1101","2025-04-07 12:03:26","31","69","22","24","13.744800","100.512700","1"
"1102","2025-04-07 12:13:31","31","69","33","39","13.744800","100.512700","1"
"1103","2025-04-07 12:23:36","31","69","26","26","13.744800","100.512700","1"
"1104","2025-04-07 12:33:41","31","69","24","25","13.744800","100.512700","1"
"1105","2025-04-07 12:43:46","31","68","21","21","13.744800","100.512700","1"
"1106","2025-04-07 12:53:51","31","68","25","28","13.744800","100.512700","1"
"1107","2025-04-07 13:03:57","31","68","29","31","13.744800","100.512700","1"
"1108","2025-04-07 13:14:01","31","68","27","28","13.744800","100.512700","1"
"1109","2025-04-07 13:34:11","31","67","37","46","13.744800","100.512700","1"
"1110","2025-04-07 13:44:16","31","67","57","68","13.744800","100.512700","1"
"1111","2025-04-07 13:54:21","31","67","50","62","13.744800","100.512700","1"
"1112","2025-04-07 14:04:26","31","67","41","49","13.744800","100.512700","1"
"1113","2025-04-07 14:14:30","31","67","44","55","13.744800","100.512700","1"
"1114","2025-04-07 14:24:35","31","67","38","47","13.744800","100.512700","1"
"1115","2025-04-07 14:34:40","31","67","39","46","13.744800","100.512700","1"
"1116","2025-04-07 14:44:45","31","66","34","37","13.744800","100.512700","1"
"1117","2025-04-07 14:54:50","31","66","38","44","13.744800","100.512700","1"
"1118","2025-04-07 15:04:55","31","66","39","47","13.744800","100.512700","1"
"1119","2025-04-07 15:15:00","31","66","37","43","13.744800","100.512700","1"
"1120","2025-04-07 15:25:05","31","66","38","45","13.744800","100.512700","1"
"1121","2025-04-07 15:35:10","31","65","34","39","13.744800","100.512700","1"
"1122","2025-04-07 15:45:15","31","65","35","40","13.744800","100.512700","1"
"1123","2025-04-07 15:55:19","31","65","36","41","13.744800","100.512700","1"
"1124","2025-04-07 16:05:25","31","65","33","39","13.744800","100.512700","1"
"1125","2025-04-07 16:15:29","31","65","36","42","13.744800","100.512700","1"
"1126","2025-04-07 16:25:35","31","65","36","40","13.744800","100.512700","1"
"1127","2025-04-07 16:45:45","31","65","34","39","13.744800","100.512700","1"
"1128","2025-04-07 16:55:49","31","65","31","37","13.744800","100.512700","1"
"1129","2025-04-07 17:05:54","31","65","31","34","13.744800","100.512700","1"
"1130","2025-04-07 17:15:59","31","65","34","39","13.744800","100.512700","1"
"1131","2025-04-07 17:26:04","31","65","30","33","13.744800","100.512700","1"
"1132","2025-04-07 17:36:09","31","65","28","28","13.744800","100.512700","1"
"1133","2025-04-07 17:46:14","31","65","29","32","13.744800","100.512700","1"
"1134","2025-04-07 17:56:19","31","65","28","28","13.744800","100.512700","1"
"1135","2025-04-07 18:06:25","31","65","26","29","13.744800","100.512700","1"
"1136","2025-04-07 18:16:30","31","65","30","31","13.744800","100.512700","1"
"1137","2025-04-07 18:26:35","31","65","27","27","13.744800","100.512700","1"
"1138","2025-04-07 18:36:40","31","65","26","26","13.744800","100.512700","1"
"1139","2025-04-07 18:46:45","32","65","26","27","13.744800","100.512700","1"
"1140","2025-04-07 18:56:50","32","65","26","27","13.744800","100.512700","1"
"1141","2025-04-07 19:06:55","32","65","27","29","13.744800","100.512700","1"
"1142","2025-04-07 19:17:00","32","65","28","29","13.744800","100.512700","1"
"1143","2025-04-07 19:27:05","32","65","23","27","13.744800","100.512700","1"
"1144","2025-04-07 19:37:10","32","65","23","26","13.744800","100.512700","1"
"1145","2025-04-07 19:47:14","32","66","27","27","13.744800","100.512700","1"
"1146","2025-04-07 19:57:19","32","66","25","25","13.744800","100.512700","1"
"1147","2025-04-07 20:07:24","32","66","27","27","13.744800","100.512700","1"
"1148","2025-04-07 20:17:30","32","66","29","31","13.744800","100.512700","1"
"1149","2025-04-07 20:27:34","32","65","23","25","13.744800","100.512700","1"
"1152","2025-04-19 13:09:13","32","63","63","71","13.744800","100.512700","1"
"1153","2025-04-19 13:19:19","32","62","42","50","13.744800","100.512700","1"
"1154","2025-04-19 13:29:23","32","62","61","71","13.744800","100.512700","1"
"1155","2025-04-19 13:39:29","32","61","37","43","13.744800","100.512700","1"
"1156","2025-04-19 13:49:34","32","61","19","24","13.744800","100.512700","1"
"1157","2025-04-19 13:59:39","32","61","19","19","13.744800","100.512700","1"
"1158","2025-04-19 14:09:43","32","60","24","25","13.744800","100.512700","1"
"1159","2025-04-19 14:19:48","32","60","22","22","13.744800","100.512700","1"
"1160","2025-04-19 14:29:53","32","59","21","22","13.744800","100.512700","1"
"1161","2025-04-19 14:39:58","32","59","18","18","13.744800","100.512700","1"
"1162","2025-04-19 14:50:02","32","59","20","20","13.744800","100.512700","1"
"1163","2025-04-21 00:59:39","32","63","3","3","13.744800","100.512700","1"
"1164","2025-04-21 01:09:45","32","63","10","10","13.744800","100.512700","1"
"1165","2025-04-21 01:19:50","32","63","6","6","13.744800","100.512700","1"
"1166","2025-04-21 01:29:54","32","63","5","7","13.744800","100.512700","1"
"1167","2025-04-21 01:39:59","32","63","6","6","13.744800","100.512700","1"
"1168","2025-04-21 01:50:04","32","63","7","7","13.744800","100.512700","1"
"1169","2025-04-21 02:00:08","32","63","5","5","13.744800","100.512700","1"
"1170","2025-04-21 02:10:13","32","63","8","8","13.744800","100.512700","1"
"1171","2025-04-21 02:20:18","32","63","6","6","13.744800","100.512700","1"
"1172","2025-04-21 02:30:23","32","63","5","5","13.744800","100.512700","1"
"1173","2025-04-21 02:40:28","32","63","8","8","13.744800","100.512700","1"
"1174","2025-04-21 02:50:33","32","63","8","9","13.744800","100.512700","1"
"1175","2025-04-21 03:00:38","32","63","6","8","13.744800","100.512700","1"
"1176","2025-04-21 03:10:43","32","63","9","10","13.744800","100.512700","1"
"1177","2025-04-21 03:20:48","32","63","9","9","13.744800","100.512700","1"
"1178","2025-04-21 03:30:53","32","63","8","8","13.744800","100.512700","1"
"1179","2025-04-21 03:40:58","32","62","7","7","13.744800","100.512700","1"
"1180","2025-04-21 03:51:03","32","62","8","8","13.744800","100.512700","1"
"1181","2025-04-21 04:01:08","32","62","8","9","13.744800","100.512700","1"
"1182","2025-04-21 04:11:12","32","62","7","8","13.744800","100.512700","1"
"1183","2025-04-21 04:21:17","32","62","7","7","13.744800","100.512700","1"
"1184","2025-04-21 04:31:23","32","62","9","9","13.744800","100.512700","1"
"1185","2025-04-21 04:41:27","32","62","16","19","13.744800","100.512700","1"
"1186","2025-04-21 04:51:32","32","62","51","62","13.744800","100.512700","1"
"1187","2025-04-21 05:01:37","32","62","30","34","13.744800","100.512700","1"
"1188","2025-04-21 05:11:42","32","62","23","26","13.744800","100.512700","1"
"1189","2025-04-21 05:21:47","32","62","14","16","13.744800","100.512700","1"
"1190","2025-04-21 05:31:52","32","62","15","18","13.744800","100.512700","1"
"1191","2025-04-21 05:41:56","32","62","23","23","13.744800","100.512700","1"
"1192","2025-04-21 05:52:02","32","62","21","22","13.744800","100.512700","1"
"1193","2025-04-21 06:02:06","32","62","30","32","13.744800","100.512700","1"
"1194","2025-04-21 06:12:11","32","62","30","34","13.744800","100.512700","1"
"1195","2025-04-21 06:22:16","32","62","43","52","13.744800","100.512700","1"
"1196","2025-04-21 06:32:21","32","62","51","64","13.744800","100.512700","1"
"1197","2025-04-21 06:42:25","32","62","47","57","13.744800","100.512700","1"
"1198","2025-04-21 06:52:30","32","62","33","38","13.744800","100.512700","1"
"1199","2025-04-21 07:02:35","32","62","50","61","13.744800","100.512700","1"
"1200","2025-04-21 07:12:39","32","62","32","39","13.744800","100.512700","1"
"1201","2025-04-21 07:22:44","32","63","25","25","13.744800","100.512700","1"
"1202","2025-04-21 07:32:49","32","63","20","21","13.744800","100.512700","1"
"1203","2025-04-21 07:42:54","32","63","21","21","13.744800","100.512700","1"
"1204","2025-04-21 07:52:59","32","62","22","24","13.744800","100.512700","1"
"1205","2025-04-21 08:03:03","32","62","30","30","13.744800","100.512700","1"
"1206","2025-04-21 08:13:08","32","62","23","24","13.744800","100.512700","1"
"1207","2025-04-21 08:23:13","32","62","25","25","13.744800","100.512700","1"
"1208","2025-04-21 08:33:18","32","62","20","20","13.744800","100.512700","1"
"1209","2025-04-21 08:43:22","32","63","22","23","13.744800","100.512700","1"
"1210","2025-04-21 08:53:27","32","62","28","28","13.744800","100.512700","1"
"1211","2025-04-21 09:03:32","32","62","20","20","13.744800","100.512700","1"
"1212","2025-04-21 09:13:37","32","62","19","19","13.744800","100.512700","1"
"1213","2025-04-21 09:23:42","32","62","15","15","13.744800","100.512700","1"
"1214","2025-04-21 09:33:47","32","62","17","18","13.744800","100.512700","1"
"1215","2025-04-21 09:43:52","32","62","19","19","13.744800","100.512700","1"
"1216","2025-04-21 09:53:57","32","62","19","19","13.744800","100.512700","1"
"1217","2025-04-21 10:04:02","32","62","20","21","13.744800","100.512700","1"
"1218","2025-04-21 10:14:07","32","61","18","18","13.744800","100.512700","1"
"1219","2025-04-21 10:24:11","32","60","14","15","13.744800","100.512700","1"
"1220","2025-04-21 10:34:16","32","61","17","17","13.744800","100.512700","1"
"1221","2025-04-21 10:44:21","32","61","15","16","13.744800","100.512700","1"
"1222","2025-04-21 10:54:25","32","61","16","17","13.744800","100.512700","1"
"1223","2025-04-21 11:04:30","32","61","18","18","13.744800","100.512700","1"
"1224","2025-04-21 11:14:35","32","60","15","16","13.744800","100.512700","1"
"1225","2025-04-21 11:24:40","32","60","13","13","13.744800","100.512700","1"
"1226","2025-04-21 11:34:45","32","59","14","14","13.744800","100.512700","1"
"1227","2025-04-21 11:44:50","32","59","15","15","13.744800","100.512700","1"
"1228","2025-04-21 11:54:54","32","59","14","14","13.744800","100.512700","1"
"1229","2025-04-21 12:04:59","32","59","18","18","13.744800","100.512700","1"
"1230","2025-04-21 12:15:05","32","59","19","20","13.744800","100.512700","1"
"1231","2025-04-21 12:25:09","32","59","19","19","13.744800","100.512700","1"
"1232","2025-04-21 12:35:14","32","58","16","17","13.744800","100.512700","1"
